step,oos_start,oos_end,ticker,signal_time,direction,entry,sl,tp1,rr1,outcome,actual_rr,params_used
0,2023-04-01,2023-07-01,ENPG,2023-04-04 08:00:00+00:00,BUY,435.0,420.495,444.5,0.7,WIN_TP1,0.6220268872802481,"{""bias_swing"": 10, ""ob_swing"": 10, ""sl_buffer"": 50, ""min_rr"": 0.5}"
0,2023-04-01,2023-07-01,NVTK,2023-04-12 08:00:00+00:00,BUY,1230.59998,1204.995,1254.8,0.9,WIN_TP1,0.7750414978648689,"{""bias_swing"": 10, ""ob_swing"": 10, ""sl_buffer"": 50, ""min_rr"": 0.5}"
0,2023-04-01,2023-07-01,NVTK,2023-05-23 08:00:00+00:00,BUY,1273.59998,1258.39502,1307.4,2.2,WIN_TP1,1.982218437404637,"{""bias_swing"": 10, ""ob_swing"": 10, ""sl_buffer"": 50, ""min_rr"": 0.5}"
0,2023-04-01,2023-07-01,OZON,2023-05-25 08:00:00+00:00,BUY,1790.0,1752.995,1813.0,0.6,WIN_TP1,0.4742332117281452,"{""bias_swing"": 10, ""ob_swing"": 10, ""sl_buffer"": 50, ""min_rr"": 0.5}"
0,2023-04-01,2023-07-01,FLOT,2023-04-24 08:00:00+00:00,BUY,58.98,58.095,59.85,1.0,WIN_TP1,0.8267254237288132,"{""bias_swing"": 10, ""ob_swing"": 10, ""sl_buffer"": 50, ""min_rr"": 0.5}"
0,2023-04-01,2023-07-01,VKCO,2023-05-24 08:00:00+00:00,BUY,538.20001,522.79499,553.0,1.0,WIN_TP1,0.9091646732039298,"{""bias_swing"": 10, ""ob_swing"": 10, ""sl_buffer"": 50, ""min_rr"": 0.5}"
0,2023-04-01,2023-07-01,TRNFP,2023-05-19 08:00:00+00:00,BUY,1201.0,1156.995,1226.0,0.6,WIN_TP1,0.5290398818316102,"{""bias_swing"": 10, ""ob_swing"": 10, ""sl_buffer"": 50, ""min_rr"": 0.5}"
0,2023-04-01,2023-07-01,CHMF,2023-04-04 12:00:00+00:00,BUY,1041.19995,1027.995,1048.0,0.5,WIN_TP1,0.2949920393488814,"{""bias_swing"": 10, ""ob_swing"": 10, ""sl_buffer"": 50, ""min_rr"": 0.5}"
0,2023-04-01,2023-07-01,CHMF,2023-04-17 08:00:00+00:00,BUY,1027.0,1012.59498,1038.4,0.8,WIN_TP1,0.6146340650689834,"{""bias_swing"": 10, ""ob_swing"": 10, ""sl_buffer"": 50, ""min_rr"": 0.5}"
0,2023-04-01,2023-07-01,CHMF,2023-05-25 12:00:00+00:00,SELL,1016.59998,1024.20495,1012.6,0.5,WIN_TP1,0.15244308024884162,"{""bias_swing"": 10, ""ob_swing"": 10, ""sl_buffer"": 50, ""min_rr"": 0.5}"
0,2023-04-01,2023-07-01,CHMF,2023-06-15 12:00:00+00:00,SELL,1071.0,1084.80505,1032.0,2.8,LOSS,-1.2017087949699576,"{""bias_swing"": 10, ""ob_swing"": 10, ""sl_buffer"": 50, ""min_rr"": 0.5}"
0,2023-04-01,2023-07-01,PHOR,2023-04-19 12:00:00+00:00,BUY,7199.0,7149.995,7249.0,1.0,WIN_TP1,0.6180512192633414,"{""bias_swing"": 10, ""ob_swing"": 10, ""sl_buffer"": 50, ""min_rr"": 0.5}"
0,2023-04-01,2023-07-01,AFKS,2023-04-07 08:00:00+00:00,BUY,14.74,14.465,15.0,0.9,WIN_TP1,0.7606400000000002,"{""bias_swing"": 10, ""ob_swing"": 10, ""sl_buffer"": 50, ""min_rr"": 0.5}"
0,2023-04-01,2023-07-01,AFKS,2023-05-26 08:00:00+00:00,BUY,15.735,15.555,15.928,1.1,WIN_TP1,0.8727166666666664,"{""bias_swing"": 10, ""ob_swing"": 10, ""sl_buffer"": 50, ""min_rr"": 0.5}"
0,2023-04-01,2023-07-01,NLMK,2023-04-04 12:00:00+00:00,BUY,132.38,130.515,133.9,0.8,WIN_TP1,0.6154487935656846,"{""bias_swing"": 10, ""ob_swing"": 10, ""sl_buffer"": 50, ""min_rr"": 0.5}"
0,2023-04-01,2023-07-01,FESH,2023-04-07 08:00:00+00:00,BUY,37.15,36.285,37.78,0.7,WIN_TP1,0.5883352601156071,"{""bias_swing"": 10, ""ob_swing"": 10, ""sl_buffer"": 50, ""min_rr"": 0.5}"
0,2023-04-01,2023-07-01,FESH,2023-04-21 08:00:00+00:00,BUY,48.04,46.555,49.76,1.2,WIN_TP1,1.1158895622895622,"{""bias_swing"": 10, ""ob_swing"": 10, ""sl_buffer"": 50, ""min_rr"": 0.5}"
0,2023-04-01,2023-07-01,FESH,2023-05-22 08:00:00+00:00,BUY,48.39,47.575,49.38,1.2,WIN_TP1,1.0456269938650302,"{""bias_swing"": 10, ""ob_swing"": 10, ""sl_buffer"": 50, ""min_rr"": 0.5}"
0,2023-04-01,2023-07-01,FESH,2023-05-26 08:00:00+00:00,BUY,53.82,52.095,56.75,1.7,WIN_TP1,1.61888,"{""bias_swing"": 10, ""ob_swing"": 10, ""sl_buffer"": 50, ""min_rr"": 0.5}"
0,2023-04-01,2023-07-01,MAGN,2023-06-07 08:00:00+00:00,SELL,41.545,42.025,40.0,3.2,LOSS,-1.2250354166666682,"{""bias_swing"": 10, ""ob_swing"": 10, ""sl_buffer"": 50, ""min_rr"": 0.5}"
0,2023-04-01,2023-07-01,ETLN,2023-04-19 12:00:00+00:00,BUY,62.48,61.035,63.4,0.6,WIN_TP1,0.4875792387543253,"{""bias_swing"": 10, ""ob_swing"": 10, ""sl_buffer"": 50, ""min_rr"": 0.5}"
0,2023-04-01,2023-07-01,ETLN,2023-05-22 12:00:00+00:00,BUY,72.92,71.555,76.98,3.0,WIN_TP1,2.8611047619047616,"{""bias_swing"": 10, ""ob_swing"": 10, ""sl_buffer"": 50, ""min_rr"": 0.5}"
0,2023-04-01,2023-07-01,SNGS,2023-04-10 12:00:00+00:00,BUY,24.94,24.11,25.575,0.8,WIN_TP1,0.721874698795181,"{""bias_swing"": 10, ""ob_swing"": 10, ""sl_buffer"": 50, ""min_rr"": 0.5}"
0,2023-04-01,2023-07-01,SNGS,2023-04-19 12:00:00+00:00,BUY,24.83,24.51,25.43,1.9,WIN_TP1,1.6982562499999978,"{""bias_swing"": 10, ""ob_swing"": 10, ""sl_buffer"": 50, ""min_rr"": 0.5}"
0,2023-04-01,2023-07-01,IRKT,2023-06-20 08:00:00+00:00,SELL,64.46,66.005,62.08,1.5,WIN_TP1,1.3915236245954694,"{""bias_swing"": 10, ""ob_swing"": 10, ""sl_buffer"": 50, ""min_rr"": 0.5}"
0,2023-04-01,2023-07-01,MGNT,2023-05-15 08:00:00+00:00,BUY,4500.0,4439.995,4567.0,1.1,WIN_TP1,0.9050162486459467,"{""bias_swing"": 10, ""ob_swing"": 10, ""sl_buffer"": 50, ""min_rr"": 0.5}"
0,2023-04-01,2023-07-01,MOEX,2023-05-11 08:00:00+00:00,SELL,110.87,111.805,110.05,0.9,WIN_TP1,0.591698395721926,"{""bias_swing"": 10, ""ob_swing"": 10, ""sl_buffer"": 50, ""min_rr"": 0.5}"
1,2023-05-01,2023-08-01,ENPG,2023-07-21 08:00:00+00:00,BUY,514.40002,503.79499,536.0,2.0,WIN_TP1,1.8738862547300674,"{""bias_swing"": 10, ""ob_swing"": 10, ""sl_buffer"": 50, ""min_rr"": 1.5}"
1,2023-05-01,2023-08-01,NVTK,2023-05-23 08:00:00+00:00,BUY,1273.59998,1258.39502,1307.4,2.2,WIN_TP1,1.982218437404637,"{""bias_swing"": 10, ""ob_swing"": 10, ""sl_buffer"": 50, ""min_rr"": 1.5}"
1,2023-05-01,2023-08-01,NVTK,2023-07-25 08:00:00+00:00,BUY,1473.80005,1465.39502,1498.6,3.0,WIN_TP1,2.544096793229775,"{""bias_swing"": 10, ""ob_swing"": 10, ""sl_buffer"": 50, ""min_rr"": 1.5}"
1,2023-05-01,2023-08-01,NVTK,2023-07-26 08:00:00+00:00,BUY,1473.80005,1465.39502,1498.6,3.0,WIN_TP1,2.544096793229775,"{""bias_swing"": 10, ""ob_swing"": 10, ""sl_buffer"": 50, ""min_rr"": 1.5}"
1,2023-05-01,2023-08-01,OZON,2023-07-21 08:00:00+00:00,BUY,2074.5,2049.995,2126.5,2.1,WIN_TP1,1.879893899204245,"{""bias_swing"": 10, ""ob_swing"": 10, ""sl_buffer"": 50, ""min_rr"": 1.5}"
1,2023-05-01,2023-08-01,CHMF,2023-06-15 12:00:00+00:00,SELL,1071.0,1084.80505,1032.0,2.8,LOSS,-1.2017087949699576,"{""bias_swing"": 10, ""ob_swing"": 10, ""sl_buffer"": 50, ""min_rr"": 1.5}"
1,2023-05-01,2023-08-01,NLMK,2023-07-24 08:00:00+00:00,BUY,191.94,188.995,196.48,1.5,WIN_TP1,1.3305453310696091,"{""bias_swing"": 10, ""ob_swing"": 10, ""sl_buffer"": 50, ""min_rr"": 1.5}"
1,2023-05-01,2023-08-01,NLMK,2023-07-25 08:00:00+00:00,BUY,191.94,188.995,196.48,1.5,WIN_TP1,1.3305453310696091,"{""bias_swing"": 10, ""ob_swing"": 10, ""sl_buffer"": 50, ""min_rr"": 1.5}"
1,2023-05-01,2023-08-01,FESH,2023-05-26 08:00:00+00:00,BUY,53.82,52.095,56.75,1.7,WIN_TP1,1.61888,"{""bias_swing"": 10, ""ob_swing"": 10, ""sl_buffer"": 50, ""min_rr"": 1.5}"
1,2023-05-01,2023-08-01,MAGN,2023-06-07 08:00:00+00:00,SELL,41.545,42.025,40.0,3.2,LOSS,-1.2250354166666682,"{""bias_swing"": 10, ""ob_swing"": 10, ""sl_buffer"": 50, ""min_rr"": 1.5}"
1,2023-05-01,2023-08-01,ETLN,2023-05-22 12:00:00+00:00,BUY,72.92,71.555,76.98,3.0,WIN_TP1,2.8611047619047616,"{""bias_swing"": 10, ""ob_swing"": 10, ""sl_buffer"": 50, ""min_rr"": 1.5}"
1,2023-05-01,2023-08-01,IRKT,2023-06-20 08:00:00+00:00,SELL,64.46,66.005,62.08,1.5,WIN_TP1,1.3915236245954694,"{""bias_swing"": 10, ""ob_swing"": 10, ""sl_buffer"": 50, ""min_rr"": 1.5}"
2,2023-06-01,2023-09-01,ENPG,2023-07-21 08:00:00+00:00,BUY,514.40002,503.79499,536.0,2.0,WIN_TP1,1.8738862547300674,"{""bias_swing"": 10, ""ob_swing"": 10, ""sl_buffer"": 50, ""min_rr"": 1.5}"
2,2023-06-01,2023-09-01,ENPG,2023-08-16 08:00:00+00:00,BUY,514.40002,503.79499,536.0,2.0,WIN_TP1,1.8738862547300674,"{""bias_swing"": 10, ""ob_swing"": 10, ""sl_buffer"": 50, ""min_rr"": 1.5}"
2,2023-06-01,2023-09-01,ENPG,2023-08-17 08:00:00+00:00,BUY,514.40002,503.79499,536.0,2.0,WIN_TP1,1.8738862547300674,"{""bias_swing"": 10, ""ob_swing"": 10, ""sl_buffer"": 50, ""min_rr"": 1.5}"
2,2023-06-01,2023-09-01,ENPG,2023-08-18 08:00:00+00:00,BUY,514.40002,503.79499,536.0,2.0,WIN_TP1,1.8738862547300674,"{""bias_swing"": 10, ""ob_swing"": 10, ""sl_buffer"": 50, ""min_rr"": 1.5}"
2,2023-06-01,2023-09-01,NVTK,2023-07-25 08:00:00+00:00,BUY,1473.80005,1465.39502,1498.6,3.0,WIN_TP1,2.544096793229775,"{""bias_swing"": 10, ""ob_swing"": 10, ""sl_buffer"": 50, ""min_rr"": 1.5}"
2,2023-06-01,2023-09-01,NVTK,2023-07-26 08:00:00+00:00,BUY,1473.80005,1465.39502,1498.6,3.0,WIN_TP1,2.544096793229775,"{""bias_swing"": 10, ""ob_swing"": 10, ""sl_buffer"": 50, ""min_rr"": 1.5}"
2,2023-06-01,2023-09-01,OZON,2023-07-21 08:00:00+00:00,BUY,2074.5,2049.995,2126.5,2.1,WIN_TP1,1.879893899204245,"{""bias_swing"": 10, ""ob_swing"": 10, ""sl_buffer"": 50, ""min_rr"": 1.5}"
2,2023-06-01,2023-09-01,SNGSP,2023-08-25 08:00:00+00:00,BUY,48.63,47.84,50.0,1.7,WIN_TP1,1.539951898734177,"{""bias_swing"": 10, ""ob_swing"": 10, ""sl_buffer"": 50, ""min_rr"": 1.5}"
2,2023-06-01,2023-09-01,AFKS,2023-08-02 08:00:00+00:00,BUY,18.646,18.475,18.98,2.0,WIN_TP1,1.716493567251461,"{""bias_swing"": 10, ""ob_swing"": 10, ""sl_buffer"": 50, ""min_rr"": 1.5}"
2,2023-06-01,2023-09-01,AFKS,2023-08-16 12:00:00+00:00,BUY,17.122,16.895,17.68,2.5,WIN_TP1,2.3038889867841412,"{""bias_swing"": 10, ""ob_swing"": 10, ""sl_buffer"": 50, ""min_rr"": 1.5}"
2,2023-06-01,2023-09-01,NLMK,2023-07-24 08:00:00+00:00,BUY,191.94,188.995,196.48,1.5,WIN_TP1,1.3305453310696091,"{""bias_swing"": 10, ""ob_swing"": 10, ""sl_buffer"": 50, ""min_rr"": 1.5}"
2,2023-06-01,2023-09-01,NLMK,2023-07-25 08:00:00+00:00,BUY,191.94,188.995,196.48,1.5,WIN_TP1,1.3305453310696091,"{""bias_swing"": 10, ""ob_swing"": 10, ""sl_buffer"": 50, ""min_rr"": 1.5}"
2,2023-06-01,2023-09-01,NLMK,2023-08-30 08:00:00+00:00,BUY,198.48,195.635,202.84,1.5,WIN_TP1,1.31861230228471,"{""bias_swing"": 10, ""ob_swing"": 10, ""sl_buffer"": 50, ""min_rr"": 1.5}"
2,2023-06-01,2023-09-01,NLMK,2023-08-31 12:00:00+00:00,BUY,198.48,195.635,202.74,1.5,WIN_TP1,1.31861230228471,"{""bias_swing"": 10, ""ob_swing"": 10, ""sl_buffer"": 50, ""min_rr"": 1.5}"
2,2023-06-01,2023-09-01,SNGS,2023-08-16 08:00:00+00:00,BUY,30.54,29.55,32.9,2.4,EXPIRED,,"{""bias_swing"": 10, ""ob_swing"": 10, ""sl_buffer"": 50, ""min_rr"": 1.5}"
2,2023-06-01,2023-09-01,SNGS,2023-08-22 08:00:00+00:00,BUY,30.54,29.55,32.9,2.4,EXPIRED,,"{""bias_swing"": 10, ""ob_swing"": 10, ""sl_buffer"": 50, ""min_rr"": 1.5}"
2,2023-06-01,2023-09-01,IRKT,2023-08-23 12:00:00+00:00,BUY,79.1,76.595,89.0,4.0,WIN_TP1,3.917900199600798,"{""bias_swing"": 10, ""ob_swing"": 10, ""sl_buffer"": 50, ""min_rr"": 1.5}"
2,2023-06-01,2023-09-01,MOEX,2023-08-04 12:00:00+00:00,BUY,125.52,124.135,128.65,2.3,WIN_TP1,2.064366787003608,"{""bias_swing"": 10, ""ob_swing"": 10, ""sl_buffer"": 50, ""min_rr"": 1.5}"
2,2023-06-01,2023-09-01,MOEX,2023-08-24 08:00:00+00:00,BUY,153.36,150.56501,158.02,1.7,WIN_TP1,1.5573390244687821,"{""bias_swing"": 10, ""ob_swing"": 10, ""sl_buffer"": 50, ""min_rr"": 1.5}"
2,2023-06-01,2023-09-01,MOEX,2023-08-25 08:00:00+00:00,BUY,153.36,150.56501,158.02,1.7,WIN_TP1,1.5573390244687821,"{""bias_swing"": 10, ""ob_swing"": 10, ""sl_buffer"": 50, ""min_rr"": 1.5}"
3,2023-07-01,2023-10-01,ENPG,2023-07-21 08:00:00+00:00,BUY,514.40002,503.79749,536.0,2.0,WIN_TP1,1.8738565180197564,"{""bias_swing"": 10, ""ob_swing"": 10, ""sl_buffer"": 25, ""min_rr"": 0.5}"
3,2023-07-01,2023-10-01,ENPG,2023-08-16 08:00:00+00:00,BUY,514.40002,503.79749,536.0,2.0,WIN_TP1,1.8738565180197564,"{""bias_swing"": 10, ""ob_swing"": 10, ""sl_buffer"": 25, ""min_rr"": 0.5}"
3,2023-07-01,2023-10-01,ENPG,2023-08-17 08:00:00+00:00,BUY,514.40002,503.79749,536.0,2.0,WIN_TP1,1.8738565180197564,"{""bias_swing"": 10, ""ob_swing"": 10, ""sl_buffer"": 25, ""min_rr"": 0.5}"
3,2023-07-01,2023-10-01,ENPG,2023-08-18 08:00:00+00:00,BUY,514.40002,503.79749,536.0,2.0,WIN_TP1,1.8738565180197564,"{""bias_swing"": 10, ""ob_swing"": 10, ""sl_buffer"": 25, ""min_rr"": 0.5}"
3,2023-07-01,2023-10-01,NVTK,2023-07-25 08:00:00+00:00,BUY,1473.80005,1465.39752,1498.6,3.0,WIN_TP1,2.5439611486064355,"{""bias_swing"": 10, ""ob_swing"": 10, ""sl_buffer"": 25, ""min_rr"": 0.5}"
3,2023-07-01,2023-10-01,NVTK,2023-07-26 08:00:00+00:00,BUY,1473.80005,1465.39752,1498.6,3.0,WIN_TP1,2.5439611486064355,"{""bias_swing"": 10, ""ob_swing"": 10, ""sl_buffer"": 25, ""min_rr"": 0.5}"
3,2023-07-01,2023-10-01,NVTK,2023-08-09 08:00:00+00:00,BUY,1590.59998,1557.9975,1621.0,0.9,WIN_TP1,0.773151982671257,"{""bias_swing"": 10, ""ob_swing"": 10, ""sl_buffer"": 25, ""min_rr"": 0.5}"
3,2023-07-01,2023-10-01,NVTK,2023-08-28 08:00:00+00:00,BUY,1667.19995,1624.19745,1691.8,0.6,WIN_TP1,0.49919842171966755,"{""bias_swing"": 10, ""ob_swing"": 10, ""sl_buffer"": 25, ""min_rr"": 0.5}"
3,2023-07-01,2023-10-01,NVTK,2023-08-30 12:00:00+00:00,BUY,1667.19995,1624.19745,1691.8,0.6,WIN_TP1,0.49919842171966755,"{""bias_swing"": 10, ""ob_swing"": 10, ""sl_buffer"": 25, ""min_rr"": 0.5}"
3,2023-07-01,2023-10-01,NVTK,2023-09-07 08:00:00+00:00,BUY,1667.19995,1624.19745,1691.8,0.6,LOSS,-1.1008015782803324,"{""bias_swing"": 10, ""ob_swing"": 10, ""sl_buffer"": 25, ""min_rr"": 0.5}"
3,2023-07-01,2023-10-01,NVTK,2023-09-26 08:00:00+00:00,BUY,1610.0,1583.79755,1646.0,1.4,WIN_TP1,1.2402439466538433,"{""bias_swing"": 10, ""ob_swing"": 10, ""sl_buffer"": 25, ""min_rr"": 0.5}"
3,2023-07-01,2023-10-01,OZON,2023-07-21 08:00:00+00:00,BUY,2074.5,2049.9975,2126.5,2.1,WIN_TP1,1.879871441689624,"{""bias_swing"": 10, ""ob_swing"": 10, ""sl_buffer"": 25, ""min_rr"": 0.5}"
3,2023-07-01,2023-10-01,OZON,2023-08-02 08:00:00+00:00,BUY,2438.0,2380.4975,2470.0,0.6,WIN_TP1,0.4897647928350942,"{""bias_swing"": 10, ""ob_swing"": 10, ""sl_buffer"": 25, ""min_rr"": 0.5}"
3,2023-07-01,2023-10-01,OZON,2023-08-03 08:00:00+00:00,BUY,2438.0,2380.4975,2470.0,0.6,WIN_TP1,0.4897647928350942,"{""bias_swing"": 10, ""ob_swing"": 10, ""sl_buffer"": 25, ""min_rr"": 0.5}"
3,2023-07-01,2023-10-01,OZON,2023-09-11 08:00:00+00:00,BUY,2664.0,2588.9975,2827.5,2.2,LOSS,-1.0923489217026099,"{""bias_swing"": 10, ""ob_swing"": 10, ""sl_buffer"": 25, ""min_rr"": 0.5}"
3,2023-07-01,2023-10-01,OZON,2023-09-14 08:00:00+00:00,BUY,2664.0,2588.9975,2784.0,1.6,WIN_TP1,1.5076510782973902,"{""bias_swing"": 10, ""ob_swing"": 10, ""sl_buffer"": 25, ""min_rr"": 0.5}"
3,2023-07-01,2023-10-01,OZON,2023-09-14 08:00:00+00:00,BUY,2730.0,2651.4975,2784.0,0.7,WIN_TP1,0.6095824973726951,"{""bias_swing"": 10, ""ob_swing"": 10, ""sl_buffer"": 25, ""min_rr"": 0.5}"
3,2023-07-01,2023-10-01,FLOT,2023-07-21 08:00:00+00:00,BUY,93.82,91.5475,96.5,1.2,WIN_TP1,1.0926591859185915,"{""bias_swing"": 10, ""ob_swing"": 10, ""sl_buffer"": 25, ""min_rr"": 0.5}"
3,2023-07-01,2023-10-01,FLOT,2023-07-31 08:00:00+00:00,BUY,98.0,96.3475,99.64,1.0,WIN_TP1,0.8458093797276857,"{""bias_swing"": 10, ""ob_swing"": 10, ""sl_buffer"": 25, ""min_rr"": 0.5}"
3,2023-07-01,2023-10-01,FLOT,2023-08-24 08:00:00+00:00,BUY,111.0,107.1575,112.74,0.5,WIN_TP1,0.4248926480156149,"{""bias_swing"": 10, ""ob_swing"": 10, ""sl_buffer"": 25, ""min_rr"": 0.5}"
3,2023-07-01,2023-10-01,FLOT,2023-09-08 08:00:00+00:00,BUY,111.0,107.1575,112.74,0.5,WIN_TP1,0.4248926480156149,"{""bias_swing"": 10, ""ob_swing"": 10, ""sl_buffer"": 25, ""min_rr"": 0.5}"
3,2023-07-01,2023-10-01,FLOT,2023-09-11 08:00:00+00:00,BUY,111.0,107.1575,112.74,0.5,WIN_TP1,0.4248926480156149,"{""bias_swing"": 10, ""ob_swing"": 10, ""sl_buffer"": 25, ""min_rr"": 0.5}"
3,2023-07-01,2023-10-01,FLOT,2023-09-14 08:00:00+00:00,BUY,101.8,96.0075,108.46,1.1,WIN_TP1,1.0543064307293917,"{""bias_swing"": 10, ""ob_swing"": 10, ""sl_buffer"": 25, ""min_rr"": 0.5}"
3,2023-07-01,2023-10-01,FLOT,2023-09-20 08:00:00+00:00,BUY,101.8,96.0075,105.69,0.7,WIN_TP1,0.6543064307293914,"{""bias_swing"": 10, ""ob_swing"": 10, ""sl_buffer"": 25, ""min_rr"": 0.5}"
3,2023-07-01,2023-10-01,VKCO,2023-07-25 08:00:00+00:00,BUY,678.0,670.79749,687.0,1.2,WIN_TP1,0.9552519885428816,"{""bias_swing"": 10, ""ob_swing"": 10, ""sl_buffer"": 25, ""min_rr"": 0.5}"
3,2023-07-01,2023-10-01,VKCO,2023-07-26 08:00:00+00:00,BUY,678.0,670.79749,687.0,1.2,WIN_TP1,0.9552519885428816,"{""bias_swing"": 10, ""ob_swing"": 10, ""sl_buffer"": 25, ""min_rr"": 0.5}"
3,2023-07-01,2023-10-01,VKCO,2023-08-30 08:00:00+00:00,BUY,731.40002,720.9975,739.8,0.8,WIN_TP1,0.6171942902296768,"{""bias_swing"": 10, ""ob_swing"": 10, ""sl_buffer"": 25, ""min_rr"": 0.5}"
3,2023-07-01,2023-10-01,TRNFP,2023-09-08 08:00:00+00:00,BUY,1374.5,1339.9975,1407.0,0.9,WIN_TP1,0.7964219984059128,"{""bias_swing"": 10, ""ob_swing"": 10, ""sl_buffer"": 25, ""min_rr"": 0.5}"
3,2023-07-01,2023-10-01,TRNFP,2023-09-22 08:00:00+00:00,BUY,1374.5,1339.9975,1407.0,0.9,WIN_TP1,0.7964219984059128,"{""bias_swing"": 10, ""ob_swing"": 10, ""sl_buffer"": 25, ""min_rr"": 0.5}"
3,2023-07-01,2023-10-01,SNGSP,2023-08-16 08:00:00+00:00,BUY,48.95,46.7975,50.7,0.8,WIN_TP1,0.7408734030197446,"{""bias_swing"": 10, ""ob_swing"": 10, ""sl_buffer"": 25, ""min_rr"": 0.5}"
3,2023-07-01,2023-10-01,SNGSP,2023-08-17 08:00:00+00:00,BUY,48.95,46.7975,50.0,0.5,WIN_TP1,0.4408734030197446,"{""bias_swing"": 10, ""ob_swing"": 10, ""sl_buffer"": 25, ""min_rr"": 0.5}"
3,2023-07-01,2023-10-01,SNGSP,2023-08-21 12:00:00+00:00,BUY,48.95,46.7975,50.0,0.5,WIN_TP1,0.4408734030197446,"{""bias_swing"": 10, ""ob_swing"": 10, ""sl_buffer"": 25, ""min_rr"": 0.5}"
3,2023-07-01,2023-10-01,SNGSP,2023-08-22 12:00:00+00:00,BUY,48.95,46.7975,50.0,0.5,WIN_TP1,0.4408734030197446,"{""bias_swing"": 10, ""ob_swing"": 10, ""sl_buffer"": 25, ""min_rr"": 0.5}"
3,2023-07-01,2023-10-01,SNGSP,2023-08-23 08:00:00+00:00,BUY,48.95,46.7975,50.0,0.5,WIN_TP1,0.4408734030197446,"{""bias_swing"": 10, ""ob_swing"": 10, ""sl_buffer"": 25, ""min_rr"": 0.5}"
3,2023-07-01,2023-10-01,SNGSP,2023-08-25 08:00:00+00:00,BUY,48.95,46.7975,50.0,0.5,WIN_TP1,0.4408734030197446,"{""bias_swing"": 10, ""ob_swing"": 10, ""sl_buffer"": 25, ""min_rr"": 0.5}"
3,2023-07-01,2023-10-01,SNGSP,2023-08-25 08:00:00+00:00,BUY,48.63,47.8425,50.0,1.7,WIN_TP1,1.5394438095238097,"{""bias_swing"": 10, ""ob_swing"": 10, ""sl_buffer"": 25, ""min_rr"": 0.5}"
3,2023-07-01,2023-10-01,SNGSP,2023-09-01 08:00:00+00:00,BUY,50.115,49.2775,50.7,0.7,WIN_TP1,0.5444191044776117,"{""bias_swing"": 10, ""ob_swing"": 10, ""sl_buffer"": 25, ""min_rr"": 0.5}"
3,2023-07-01,2023-10-01,SNGSP,2023-09-04 12:00:00+00:00,BUY,50.115,49.2775,50.58,0.6,WIN_TP1,0.4444191044776117,"{""bias_swing"": 10, ""ob_swing"": 10, ""sl_buffer"": 25, ""min_rr"": 0.5}"
3,2023-07-01,2023-10-01,SNGSP,2023-09-07 12:00:00+00:00,BUY,48.95,46.7975,50.0,0.5,WIN_TP1,0.4408734030197446,"{""bias_swing"": 10, ""ob_swing"": 10, ""sl_buffer"": 25, ""min_rr"": 0.5}"
3,2023-07-01,2023-10-01,SNGSP,2023-09-08 08:00:00+00:00,BUY,48.95,46.7975,50.0,0.5,WIN_TP1,0.4408734030197446,"{""bias_swing"": 10, ""ob_swing"": 10, ""sl_buffer"": 25, ""min_rr"": 0.5}"
3,2023-07-01,2023-10-01,SNGSP,2023-09-11 08:00:00+00:00,BUY,48.95,46.7975,50.0,0.5,WIN_TP1,0.4408734030197446,"{""bias_swing"": 10, ""ob_swing"": 10, ""sl_buffer"": 25, ""min_rr"": 0.5}"
3,2023-07-01,2023-10-01,SNGSP,2023-09-14 08:00:00+00:00,BUY,48.95,46.7975,50.0,0.5,WIN_TP1,0.4408734030197446,"{""bias_swing"": 10, ""ob_swing"": 10, ""sl_buffer"": 25, ""min_rr"": 0.5}"
3,2023-07-01,2023-10-01,SNGSP,2023-09-19 08:00:00+00:00,BUY,48.95,46.7975,50.0,0.5,WIN_TP1,0.4408734030197446,"{""bias_swing"": 10, ""ob_swing"": 10, ""sl_buffer"": 25, ""min_rr"": 0.5}"
3,2023-07-01,2023-10-01,SNGSP,2023-09-20 08:00:00+00:00,BUY,48.95,46.7975,50.0,0.5,WIN_TP1,0.4408734030197446,"{""bias_swing"": 10, ""ob_swing"": 10, ""sl_buffer"": 25, ""min_rr"": 0.5}"
3,2023-07-01,2023-10-01,SNGSP,2023-09-21 08:00:00+00:00,BUY,48.95,46.7975,50.0,0.5,WIN_TP1,0.4408734030197446,"{""bias_swing"": 10, ""ob_swing"": 10, ""sl_buffer"": 25, ""min_rr"": 0.5}"
3,2023-07-01,2023-10-01,SNGSP,2023-09-25 08:00:00+00:00,BUY,48.95,46.7975,50.0,0.5,WIN_TP1,0.4408734030197446,"{""bias_swing"": 10, ""ob_swing"": 10, ""sl_buffer"": 25, ""min_rr"": 0.5}"
3,2023-07-01,2023-10-01,SNGSP,2023-09-26 08:00:00+00:00,BUY,48.95,46.7975,50.0,0.5,WIN_TP1,0.4408734030197446,"{""bias_swing"": 10, ""ob_swing"": 10, ""sl_buffer"": 25, ""min_rr"": 0.5}"
3,2023-07-01,2023-10-01,CHMF,2023-08-16 08:00:00+00:00,BUY,1267.59998,1233.79755,1300.0,1.0,WIN_TP1,0.9024993188951207,"{""bias_swing"": 10, ""ob_swing"": 10, ""sl_buffer"": 25, ""min_rr"": 0.5}"
3,2023-07-01,2023-10-01,CHMF,2023-08-17 08:00:00+00:00,BUY,1267.59998,1233.79755,1300.0,1.0,WIN_TP1,0.9024993188951207,"{""bias_swing"": 10, ""ob_swing"": 10, ""sl_buffer"": 25, ""min_rr"": 0.5}"
3,2023-07-01,2023-10-01,CHMF,2023-08-24 08:00:00+00:00,BUY,1328.19995,1290.59748,1353.0,0.7,WIN_TP1,0.6081624193836204,"{""bias_swing"": 10, ""ob_swing"": 10, ""sl_buffer"": 25, ""min_rr"": 0.5}"
3,2023-07-01,2023-10-01,CHMF,2023-09-14 08:00:00+00:00,BUY,1267.59998,1233.79755,1300.0,1.0,WIN_TP1,0.9024993188951207,"{""bias_swing"": 10, ""ob_swing"": 10, ""sl_buffer"": 25, ""min_rr"": 0.5}"
3,2023-07-01,2023-10-01,CHMF,2023-09-19 12:00:00+00:00,BUY,1267.59998,1233.79755,1300.0,1.0,WIN_TP1,0.9024993188951207,"{""bias_swing"": 10, ""ob_swing"": 10, ""sl_buffer"": 25, ""min_rr"": 0.5}"
3,2023-07-01,2023-10-01,CHMF,2023-09-20 08:00:00+00:00,BUY,1267.59998,1233.79755,1300.0,1.0,WIN_TP1,0.9024993188951207,"{""bias_swing"": 10, ""ob_swing"": 10, ""sl_buffer"": 25, ""min_rr"": 0.5}"
3,2023-07-01,2023-10-01,CHMF,2023-09-21 08:00:00+00:00,BUY,1267.59998,1233.79755,1300.0,1.0,WIN_TP1,0.9024993188951207,"{""bias_swing"": 10, ""ob_swing"": 10, ""sl_buffer"": 25, ""min_rr"": 0.5}"
3,2023-07-01,2023-10-01,PHOR,2023-08-18 08:00:00+00:00,BUY,7506.0,7405.9975,7559.0,0.5,WIN_TP1,0.3048488787780298,"{""bias_swing"": 10, ""ob_swing"": 10, ""sl_buffer"": 25, ""min_rr"": 0.5}"
3,2023-07-01,2023-10-01,PHOR,2023-08-24 08:00:00+00:00,BUY,7506.0,7405.9975,7559.0,0.5,WIN_TP1,0.3048488787780298,"{""bias_swing"": 10, ""ob_swing"": 10, ""sl_buffer"": 25, ""min_rr"": 0.5}"
3,2023-07-01,2023-10-01,PHOR,2023-08-25 08:00:00+00:00,BUY,7506.0,7405.9975,7559.0,0.5,WIN_TP1,0.3048488787780298,"{""bias_swing"": 10, ""ob_swing"": 10, ""sl_buffer"": 25, ""min_rr"": 0.5}"
3,2023-07-01,2023-10-01,PHOR,2023-09-07 08:00:00+00:00,BUY,7119.0,7049.9975,7227.0,1.6,WIN_TP1,1.3317575450164836,"{""bias_swing"": 10, ""ob_swing"": 10, ""sl_buffer"": 25, ""min_rr"": 0.5}"
3,2023-07-01,2023-10-01,PHOR,2023-09-08 08:00:00+00:00,BUY,7119.0,7049.9975,7192.0,1.1,WIN_TP1,0.8317575450164835,"{""bias_swing"": 10, ""ob_swing"": 10, ""sl_buffer"": 25, ""min_rr"": 0.5}"
3,2023-07-01,2023-10-01,PHOR,2023-09-11 08:00:00+00:00,BUY,7119.0,7049.9975,7221.0,1.5,WIN_TP1,1.2317575450164835,"{""bias_swing"": 10, ""ob_swing"": 10, ""sl_buffer"": 25, ""min_rr"": 0.5}"
3,2023-07-01,2023-10-01,AFKS,2023-07-27 08:00:00+00:00,BUY,17.837,17.6045,17.987,0.6,WIN_TP1,0.400532473118278,"{""bias_swing"": 10, ""ob_swing"": 10, ""sl_buffer"": 25, ""min_rr"": 0.5}"
3,2023-07-01,2023-10-01,AFKS,2023-07-28 08:00:00+00:00,BUY,17.837,17.6045,17.987,0.6,WIN_TP1,0.400532473118278,"{""bias_swing"": 10, ""ob_swing"": 10, ""sl_buffer"": 25, ""min_rr"": 0.5}"
3,2023-07-01,2023-10-01,AFKS,2023-08-02 08:00:00+00:00,BUY,18.646,18.4775,18.98,2.0,WIN_TP1,1.712287240356086,"{""bias_swing"": 10, ""ob_swing"": 10, ""sl_buffer"": 25, ""min_rr"": 0.5}"
3,2023-07-01,2023-10-01,AFKS,2023-08-04 12:00:00+00:00,BUY,17.837,17.6045,17.987,0.6,WIN_TP1,0.400532473118278,"{""bias_swing"": 10, ""ob_swing"": 10, ""sl_buffer"": 25, ""min_rr"": 0.5}"
3,2023-07-01,2023-10-01,AFKS,2023-08-16 12:00:00+00:00,BUY,17.122,16.8975,17.68,2.5,WIN_TP1,2.301705122494431,"{""bias_swing"": 10, ""ob_swing"": 10, ""sl_buffer"": 25, ""min_rr"": 0.5}"
3,2023-07-01,2023-10-01,AFKS,2023-09-14 08:00:00+00:00,BUY,17.122,16.8975,17.68,2.5,WIN_TP1,2.301705122494431,"{""bias_swing"": 10, ""ob_swing"": 10, ""sl_buffer"": 25, ""min_rr"": 0.5}"
3,2023-07-01,2023-10-01,NLMK,2023-07-24 08:00:00+00:00,BUY,191.94,188.9975,196.48,1.5,WIN_TP1,1.330401359388275,"{""bias_swing"": 10, ""ob_swing"": 10, ""sl_buffer"": 25, ""min_rr"": 0.5}"
3,2023-07-01,2023-10-01,NLMK,2023-07-25 08:00:00+00:00,BUY,191.94,188.9975,196.48,1.5,WIN_TP1,1.330401359388275,"{""bias_swing"": 10, ""ob_swing"": 10, ""sl_buffer"": 25, ""min_rr"": 0.5}"
3,2023-07-01,2023-10-01,NLMK,2023-08-30 08:00:00+00:00,BUY,198.48,195.6375,202.84,1.5,WIN_TP1,1.318452770448549,"{""bias_swing"": 10, ""ob_swing"": 10, ""sl_buffer"": 25, ""min_rr"": 0.5}"
3,2023-07-01,2023-10-01,NLMK,2023-08-31 12:00:00+00:00,BUY,198.48,195.6375,202.84,1.5,WIN_TP1,1.318452770448549,"{""bias_swing"": 10, ""ob_swing"": 10, ""sl_buffer"": 25, ""min_rr"": 0.5}"
3,2023-07-01,2023-10-01,NLMK,2023-09-18 08:00:00+00:00,BUY,190.24001,186.0175,195.32,1.2,WIN_TP1,1.0828601883713715,"{""bias_swing"": 10, ""ob_swing"": 10, ""sl_buffer"": 25, ""min_rr"": 0.5}"
3,2023-07-01,2023-10-01,FESH,2023-07-27 08:00:00+00:00,BUY,77.93,76.5475,79.36,1.0,WIN_TP1,0.8534408679927675,"{""bias_swing"": 10, ""ob_swing"": 10, ""sl_buffer"": 25, ""min_rr"": 0.5}"
3,2023-07-01,2023-10-01,FESH,2023-07-28 08:00:00+00:00,BUY,77.93,76.5475,79.36,1.0,WIN_TP1,0.8534408679927675,"{""bias_swing"": 10, ""ob_swing"": 10, ""sl_buffer"": 25, ""min_rr"": 0.5}"
3,2023-07-01,2023-10-01,POSI,2023-07-21 08:00:00+00:00,BUY,2115.0,2075.19745,2150.0,0.9,WIN_TP1,0.7618430226204096,"{""bias_swing"": 10, ""ob_swing"": 10, ""sl_buffer"": 25, ""min_rr"": 0.5}"
3,2023-07-01,2023-10-01,POSI,2023-09-26 08:00:00+00:00,BUY,2306.0,2236.79755,2345.0,0.6,WIN_TP1,0.5133614489082398,"{""bias_swing"": 10, ""ob_swing"": 10, ""sl_buffer"": 25, ""min_rr"": 0.5}"
3,2023-07-01,2023-10-01,MAGN,2023-08-02 08:00:00+00:00,BUY,53.39,52.8525,53.73,0.6,WIN_TP1,0.3417413953488379,"{""bias_swing"": 10, ""ob_swing"": 10, ""sl_buffer"": 25, ""min_rr"": 0.5}"
3,2023-07-01,2023-10-01,MAGN,2023-09-19 12:00:00+00:00,BUY,50.1,48.8025,52.61,1.9,EXPIRED,,"{""bias_swing"": 10, ""ob_swing"": 10, ""sl_buffer"": 25, ""min_rr"": 0.5}"
3,2023-07-01,2023-10-01,MAGN,2023-09-20 08:00:00+00:00,BUY,50.1,48.8025,52.61,1.9,EXPIRED,,"{""bias_swing"": 10, ""ob_swing"": 10, ""sl_buffer"": 25, ""min_rr"": 0.5}"
3,2023-07-01,2023-10-01,MAGN,2023-09-21 08:00:00+00:00,BUY,50.1,48.8025,52.61,1.9,EXPIRED,,"{""bias_swing"": 10, ""ob_swing"": 10, ""sl_buffer"": 25, ""min_rr"": 0.5}"
3,2023-07-01,2023-10-01,MAGN,2023-09-22 08:00:00+00:00,BUY,50.1,48.8025,50.86,0.6,WIN_TP1,0.4996069364161849,"{""bias_swing"": 10, ""ob_swing"": 10, ""sl_buffer"": 25, ""min_rr"": 0.5}"
3,2023-07-01,2023-10-01,RUAL,2023-08-04 08:00:00+00:00,SELL,43.715,44.9025,42.57,1.0,WIN_TP1,0.9042871578947368,"{""bias_swing"": 10, ""ob_swing"": 10, ""sl_buffer"": 25, ""min_rr"": 0.5}"
3,2023-07-01,2023-10-01,RUAL,2023-08-07 08:00:00+00:00,SELL,43.715,44.9025,42.85,0.7,WIN_TP1,0.6042871578947367,"{""bias_swing"": 10, ""ob_swing"": 10, ""sl_buffer"": 25, ""min_rr"": 0.5}"
3,2023-07-01,2023-10-01,RUAL,2023-08-14 08:00:00+00:00,SELL,43.715,44.9025,42.57,1.0,WIN_TP1,0.9042871578947368,"{""bias_swing"": 10, ""ob_swing"": 10, ""sl_buffer"": 25, ""min_rr"": 0.5}"
3,2023-07-01,2023-10-01,RUAL,2023-09-04 08:00:00+00:00,SELL,43.51,44.8025,42.57,0.7,WIN_TP1,0.6124750483558996,"{""bias_swing"": 10, ""ob_swing"": 10, ""sl_buffer"": 25, ""min_rr"": 0.5}"
3,2023-07-01,2023-10-01,RUAL,2023-09-04 12:00:00+00:00,SELL,43.715,44.9025,42.57,1.0,WIN_TP1,0.9042871578947368,"{""bias_swing"": 10, ""ob_swing"": 10, ""sl_buffer"": 25, ""min_rr"": 0.5}"
3,2023-07-01,2023-10-01,RUAL,2023-09-05 08:00:00+00:00,SELL,43.715,44.9025,42.815,0.8,WIN_TP1,0.7042871578947368,"{""bias_swing"": 10, ""ob_swing"": 10, ""sl_buffer"": 25, ""min_rr"": 0.5}"
3,2023-07-01,2023-10-01,RUAL,2023-09-05 08:00:00+00:00,SELL,43.51,44.8025,42.815,0.5,WIN_TP1,0.4124750483558997,"{""bias_swing"": 10, ""ob_swing"": 10, ""sl_buffer"": 25, ""min_rr"": 0.5}"
3,2023-07-01,2023-10-01,RUAL,2023-09-07 08:00:00+00:00,SELL,43.715,44.9025,42.57,1.0,WIN_TP1,0.9042871578947368,"{""bias_swing"": 10, ""ob_swing"": 10, ""sl_buffer"": 25, ""min_rr"": 0.5}"
3,2023-07-01,2023-10-01,RUAL,2023-09-07 08:00:00+00:00,SELL,43.51,44.8025,42.57,0.7,WIN_TP1,0.6124750483558996,"{""bias_swing"": 10, ""ob_swing"": 10, ""sl_buffer"": 25, ""min_rr"": 0.5}"
3,2023-07-01,2023-10-01,SNGS,2023-08-16 08:00:00+00:00,BUY,30.54,29.5525,32.9,2.4,LOSS,-1.0804091139240506,"{""bias_swing"": 10, ""ob_swing"": 10, ""sl_buffer"": 25, ""min_rr"": 0.5}"
3,2023-07-01,2023-10-01,SNGS,2023-08-21 08:00:00+00:00,BUY,30.54,29.5525,31.165,0.6,WIN_TP1,0.5195908860759494,"{""bias_swing"": 10, ""ob_swing"": 10, ""sl_buffer"": 25, ""min_rr"": 0.5}"
3,2023-07-01,2023-10-01,SNGS,2023-08-22 08:00:00+00:00,BUY,30.54,29.5525,32.9,2.4,LOSS,-1.0804091139240506,"{""bias_swing"": 10, ""ob_swing"": 10, ""sl_buffer"": 25, ""min_rr"": 0.5}"
3,2023-07-01,2023-10-01,SNGS,2023-08-23 12:00:00+00:00,BUY,30.54,29.5525,31.165,0.6,WIN_TP1,0.5195908860759494,"{""bias_swing"": 10, ""ob_swing"": 10, ""sl_buffer"": 25, ""min_rr"": 0.5}"
3,2023-07-01,2023-10-01,SNGS,2023-08-25 08:00:00+00:00,BUY,30.54,29.5525,31.165,0.6,WIN_TP1,0.5195908860759494,"{""bias_swing"": 10, ""ob_swing"": 10, ""sl_buffer"": 25, ""min_rr"": 0.5}"
3,2023-07-01,2023-10-01,SNGS,2023-08-28 08:00:00+00:00,BUY,30.54,29.5525,31.165,0.6,WIN_TP1,0.5195908860759494,"{""bias_swing"": 10, ""ob_swing"": 10, ""sl_buffer"": 25, ""min_rr"": 0.5}"
3,2023-07-01,2023-10-01,SNGS,2023-09-11 08:00:00+00:00,BUY,30.54,29.5525,31.165,0.6,LOSS,-1.0804091139240506,"{""bias_swing"": 10, ""ob_swing"": 10, ""sl_buffer"": 25, ""min_rr"": 0.5}"
3,2023-07-01,2023-10-01,SNGS,2023-09-12 08:00:00+00:00,BUY,30.54,29.5525,31.165,0.6,LOSS,-1.0804091139240506,"{""bias_swing"": 10, ""ob_swing"": 10, ""sl_buffer"": 25, ""min_rr"": 0.5}"
3,2023-07-01,2023-10-01,SNGS,2023-09-12 08:00:00+00:00,BUY,30.22,29.9975,30.475,1.1,WIN_TP1,0.7468674157303374,"{""bias_swing"": 10, ""ob_swing"": 10, ""sl_buffer"": 25, ""min_rr"": 0.5}"
3,2023-07-01,2023-10-01,SNGS,2023-09-26 08:00:00+00:00,BUY,28.9,28.5375,29.28,1.0,WIN_TP1,0.7927172413793087,"{""bias_swing"": 10, ""ob_swing"": 10, ""sl_buffer"": 25, ""min_rr"": 0.5}"
3,2023-07-01,2023-10-01,IRKT,2023-08-23 12:00:00+00:00,BUY,79.1,76.5975,89.0,4.0,WIN_TP1,3.917818181818182,"{""bias_swing"": 10, ""ob_swing"": 10, ""sl_buffer"": 25, ""min_rr"": 0.5}"
3,2023-07-01,2023-10-01,IRKT,2023-08-30 12:00:00+00:00,BUY,113.65,106.4975,133.55,2.8,WIN_TP1,2.7586871723173716,"{""bias_swing"": 10, ""ob_swing"": 10, ""sl_buffer"": 25, ""min_rr"": 0.5}"
3,2023-07-01,2023-10-01,IRKT,2023-08-31 08:00:00+00:00,BUY,113.65,106.4975,133.55,2.8,WIN_TP1,2.7586871723173716,"{""bias_swing"": 10, ""ob_swing"": 10, ""sl_buffer"": 25, ""min_rr"": 0.5}"
3,2023-07-01,2023-10-01,MGNT,2023-07-21 08:00:00+00:00,BUY,5625.0,5409.9975,5814.0,0.9,WIN_TP1,0.8319775351449401,"{""bias_swing"": 10, ""ob_swing"": 10, ""sl_buffer"": 25, ""min_rr"": 0.5}"
3,2023-07-01,2023-10-01,MGNT,2023-08-04 12:00:00+00:00,BUY,5625.0,5409.9975,5814.0,0.9,WIN_TP1,0.8319775351449401,"{""bias_swing"": 10, ""ob_swing"": 10, ""sl_buffer"": 25, ""min_rr"": 0.5}"
3,2023-07-01,2023-10-01,MGNT,2023-08-07 12:00:00+00:00,BUY,5625.0,5409.9975,5814.0,0.9,WIN_TP1,0.8319775351449401,"{""bias_swing"": 10, ""ob_swing"": 10, ""sl_buffer"": 25, ""min_rr"": 0.5}"
3,2023-07-01,2023-10-01,MGNT,2023-08-08 08:00:00+00:00,BUY,5625.0,5409.9975,5814.0,0.9,WIN_TP1,0.8319775351449401,"{""bias_swing"": 10, ""ob_swing"": 10, ""sl_buffer"": 25, ""min_rr"": 0.5}"
3,2023-07-01,2023-10-01,MGNT,2023-08-09 08:00:00+00:00,BUY,5625.0,5409.9975,5741.5,0.5,WIN_TP1,0.43197753514494003,"{""bias_swing"": 10, ""ob_swing"": 10, ""sl_buffer"": 25, ""min_rr"": 0.5}"
3,2023-07-01,2023-10-01,MGNT,2023-08-10 08:00:00+00:00,BUY,5625.0,5409.9975,5742.5,0.5,WIN_TP1,0.43197753514494003,"{""bias_swing"": 10, ""ob_swing"": 10, ""sl_buffer"": 25, ""min_rr"": 0.5}"
3,2023-07-01,2023-10-01,MGNT,2023-08-14 12:00:00+00:00,BUY,5625.0,5409.9975,5814.0,0.9,LOSS,-1.06802246485506,"{""bias_swing"": 10, ""ob_swing"": 10, ""sl_buffer"": 25, ""min_rr"": 0.5}"
3,2023-07-01,2023-10-01,MGNT,2023-08-18 08:00:00+00:00,BUY,5513.0,5399.9975,5617.5,0.9,WIN_TP1,0.7731550186942763,"{""bias_swing"": 10, ""ob_swing"": 10, ""sl_buffer"": 25, ""min_rr"": 0.5}"
3,2023-07-01,2023-10-01,MOEX,2023-08-04 12:00:00+00:00,BUY,125.52,124.1375,128.65,2.3,WIN_TP1,2.063940687160939,"{""bias_swing"": 10, ""ob_swing"": 10, ""sl_buffer"": 25, ""min_rr"": 0.5}"
3,2023-07-01,2023-10-01,MOEX,2023-08-24 08:00:00+00:00,BUY,153.36,150.56751,158.02,1.7,WIN_TP1,1.5572113060386974,"{""bias_swing"": 10, ""ob_swing"": 10, ""sl_buffer"": 25, ""min_rr"": 0.5}"
3,2023-07-01,2023-10-01,MOEX,2023-08-25 08:00:00+00:00,BUY,153.36,150.56751,158.02,1.7,WIN_TP1,1.5572113060386974,"{""bias_swing"": 10, ""ob_swing"": 10, ""sl_buffer"": 25, ""min_rr"": 0.5}"
3,2023-07-01,2023-10-01,MOEX,2023-09-05 08:00:00+00:00,BUY,171.33,168.89749,173.0,0.7,WIN_TP1,0.5168731063798304,"{""bias_swing"": 10, ""ob_swing"": 10, ""sl_buffer"": 25, ""min_rr"": 0.5}"
4,2023-08-01,2023-11-01,ENPG,2023-08-16 08:00:00+00:00,BUY,514.40002,503.79749,536.0,2.0,WIN_TP1,1.8738565180197564,"{""bias_swing"": 10, ""ob_swing"": 10, ""sl_buffer"": 25, ""min_rr"": 0.5}"
4,2023-08-01,2023-11-01,ENPG,2023-08-17 08:00:00+00:00,BUY,514.40002,503.79749,536.0,2.0,WIN_TP1,1.8738565180197564,"{""bias_swing"": 10, ""ob_swing"": 10, ""sl_buffer"": 25, ""min_rr"": 0.5}"
4,2023-08-01,2023-11-01,ENPG,2023-08-18 08:00:00+00:00,BUY,514.40002,503.79749,536.0,2.0,WIN_TP1,1.8738565180197564,"{""bias_swing"": 10, ""ob_swing"": 10, ""sl_buffer"": 25, ""min_rr"": 0.5}"
4,2023-08-01,2023-11-01,ENPG,2023-10-10 08:00:00+00:00,SELL,522.40002,528.20251,517.4,0.9,WIN_TP1,0.6659211731515231,"{""bias_swing"": 10, ""ob_swing"": 10, ""sl_buffer"": 25, ""min_rr"": 0.5}"
4,2023-08-01,2023-11-01,ENPG,2023-10-11 08:00:00+00:00,SELL,522.40002,528.20251,517.4,0.9,WIN_TP1,0.6659211731515231,"{""bias_swing"": 10, ""ob_swing"": 10, ""sl_buffer"": 25, ""min_rr"": 0.5}"
4,2023-08-01,2023-11-01,ENPG,2023-10-18 08:00:00+00:00,SELL,522.40002,528.20251,517.4,0.9,WIN_TP1,0.6659211731515231,"{""bias_swing"": 10, ""ob_swing"": 10, ""sl_buffer"": 25, ""min_rr"": 0.5}"
4,2023-08-01,2023-11-01,ENPG,2023-10-25 12:00:00+00:00,SELL,522.40002,528.20251,517.4,0.9,WIN_TP1,0.6659211731515231,"{""bias_swing"": 10, ""ob_swing"": 10, ""sl_buffer"": 25, ""min_rr"": 0.5}"
4,2023-08-01,2023-11-01,NVTK,2023-08-09 08:00:00+00:00,BUY,1590.59998,1557.9975,1621.0,0.9,WIN_TP1,0.773151982671257,"{""bias_swing"": 10, ""ob_swing"": 10, ""sl_buffer"": 25, ""min_rr"": 0.5}"
4,2023-08-01,2023-11-01,NVTK,2023-08-28 08:00:00+00:00,BUY,1667.19995,1624.19745,1691.8,0.6,WIN_TP1,0.49919842171966755,"{""bias_swing"": 10, ""ob_swing"": 10, ""sl_buffer"": 25, ""min_rr"": 0.5}"
4,2023-08-01,2023-11-01,NVTK,2023-08-30 12:00:00+00:00,BUY,1667.19995,1624.19745,1691.8,0.6,WIN_TP1,0.49919842171966755,"{""bias_swing"": 10, ""ob_swing"": 10, ""sl_buffer"": 25, ""min_rr"": 0.5}"
4,2023-08-01,2023-11-01,NVTK,2023-09-07 08:00:00+00:00,BUY,1667.19995,1624.19745,1691.8,0.6,LOSS,-1.1008015782803324,"{""bias_swing"": 10, ""ob_swing"": 10, ""sl_buffer"": 25, ""min_rr"": 0.5}"
4,2023-08-01,2023-11-01,NVTK,2023-09-26 08:00:00+00:00,BUY,1610.0,1583.79755,1646.0,1.4,WIN_TP1,1.2402439466538433,"{""bias_swing"": 10, ""ob_swing"": 10, ""sl_buffer"": 25, ""min_rr"": 0.5}"
4,2023-08-01,2023-11-01,OZON,2023-08-02 08:00:00+00:00,BUY,2438.0,2380.4975,2470.0,0.6,WIN_TP1,0.4897647928350942,"{""bias_swing"": 10, ""ob_swing"": 10, ""sl_buffer"": 25, ""min_rr"": 0.5}"
4,2023-08-01,2023-11-01,OZON,2023-08-03 08:00:00+00:00,BUY,2438.0,2380.4975,2470.0,0.6,WIN_TP1,0.4897647928350942,"{""bias_swing"": 10, ""ob_swing"": 10, ""sl_buffer"": 25, ""min_rr"": 0.5}"
4,2023-08-01,2023-11-01,OZON,2023-09-11 08:00:00+00:00,BUY,2664.0,2588.9975,2827.5,2.2,LOSS,-1.0923489217026099,"{""bias_swing"": 10, ""ob_swing"": 10, ""sl_buffer"": 25, ""min_rr"": 0.5}"
4,2023-08-01,2023-11-01,OZON,2023-09-14 08:00:00+00:00,BUY,2664.0,2588.9975,2784.0,1.6,WIN_TP1,1.5076510782973902,"{""bias_swing"": 10, ""ob_swing"": 10, ""sl_buffer"": 25, ""min_rr"": 0.5}"
4,2023-08-01,2023-11-01,OZON,2023-09-14 08:00:00+00:00,BUY,2730.0,2651.4975,2784.0,0.7,WIN_TP1,0.6095824973726951,"{""bias_swing"": 10, ""ob_swing"": 10, ""sl_buffer"": 25, ""min_rr"": 0.5}"
4,2023-08-01,2023-11-01,OZON,2023-10-24 08:00:00+00:00,BUY,2689.0,2651.9975,2724.5,1.0,WIN_TP1,0.8110560097290727,"{""bias_swing"": 10, ""ob_swing"": 10, ""sl_buffer"": 25, ""min_rr"": 0.5}"
4,2023-08-01,2023-11-01,OZON,2023-10-31 08:00:00+00:00,BUY,2610.0,2564.9975,2724.5,2.5,EXPIRED,,"{""bias_swing"": 10, ""ob_swing"": 10, ""sl_buffer"": 25, ""min_rr"": 0.5}"
4,2023-08-01,2023-11-01,FLOT,2023-08-24 08:00:00+00:00,BUY,111.0,107.1575,112.74,0.5,WIN_TP1,0.4248926480156149,"{""bias_swing"": 10, ""ob_swing"": 10, ""sl_buffer"": 25, ""min_rr"": 0.5}"
4,2023-08-01,2023-11-01,FLOT,2023-09-08 08:00:00+00:00,BUY,111.0,107.1575,112.74,0.5,WIN_TP1,0.4248926480156149,"{""bias_swing"": 10, ""ob_swing"": 10, ""sl_buffer"": 25, ""min_rr"": 0.5}"
4,2023-08-01,2023-11-01,FLOT,2023-09-11 08:00:00+00:00,BUY,111.0,107.1575,112.74,0.5,WIN_TP1,0.4248926480156149,"{""bias_swing"": 10, ""ob_swing"": 10, ""sl_buffer"": 25, ""min_rr"": 0.5}"
4,2023-08-01,2023-11-01,FLOT,2023-09-14 08:00:00+00:00,BUY,101.8,96.0075,108.46,1.1,WIN_TP1,1.0543064307293917,"{""bias_swing"": 10, ""ob_swing"": 10, ""sl_buffer"": 25, ""min_rr"": 0.5}"
4,2023-08-01,2023-11-01,FLOT,2023-09-20 08:00:00+00:00,BUY,101.8,96.0075,105.69,0.7,WIN_TP1,0.6543064307293914,"{""bias_swing"": 10, ""ob_swing"": 10, ""sl_buffer"": 25, ""min_rr"": 0.5}"
4,2023-08-01,2023-11-01,VKCO,2023-08-30 08:00:00+00:00,BUY,731.40002,720.9975,739.8,0.8,WIN_TP1,0.6171942902296768,"{""bias_swing"": 10, ""ob_swing"": 10, ""sl_buffer"": 25, ""min_rr"": 0.5}"
4,2023-08-01,2023-11-01,TRNFP,2023-09-08 08:00:00+00:00,BUY,1374.5,1339.9975,1407.0,0.9,WIN_TP1,0.7964219984059128,"{""bias_swing"": 10, ""ob_swing"": 10, ""sl_buffer"": 25, ""min_rr"": 0.5}"
4,2023-08-01,2023-11-01,TRNFP,2023-09-22 08:00:00+00:00,BUY,1374.5,1339.9975,1407.0,0.9,WIN_TP1,0.7964219984059128,"{""bias_swing"": 10, ""ob_swing"": 10, ""sl_buffer"": 25, ""min_rr"": 0.5}"
4,2023-08-01,2023-11-01,TRNFP,2023-10-10 08:00:00+00:00,BUY,1401.0,1391.9975,1407.0,0.7,WIN_TP1,0.29537906137184355,"{""bias_swing"": 10, ""ob_swing"": 10, ""sl_buffer"": 25, ""min_rr"": 0.5}"
4,2023-08-01,2023-11-01,TRNFP,2023-10-12 08:00:00+00:00,BUY,1401.0,1391.9975,1407.0,0.7,WIN_TP1,0.29537906137184355,"{""bias_swing"": 10, ""ob_swing"": 10, ""sl_buffer"": 25, ""min_rr"": 0.5}"
4,2023-08-01,2023-11-01,SNGSP,2023-08-16 08:00:00+00:00,BUY,48.95,46.7975,50.7,0.8,WIN_TP1,0.7408734030197446,"{""bias_swing"": 10, ""ob_swing"": 10, ""sl_buffer"": 25, ""min_rr"": 0.5}"
4,2023-08-01,2023-11-01,SNGSP,2023-08-17 08:00:00+00:00,BUY,48.95,46.7975,50.0,0.5,WIN_TP1,0.4408734030197446,"{""bias_swing"": 10, ""ob_swing"": 10, ""sl_buffer"": 25, ""min_rr"": 0.5}"
4,2023-08-01,2023-11-01,SNGSP,2023-08-21 12:00:00+00:00,BUY,48.95,46.7975,50.0,0.5,WIN_TP1,0.4408734030197446,"{""bias_swing"": 10, ""ob_swing"": 10, ""sl_buffer"": 25, ""min_rr"": 0.5}"
4,2023-08-01,2023-11-01,SNGSP,2023-08-22 12:00:00+00:00,BUY,48.95,46.7975,50.0,0.5,WIN_TP1,0.4408734030197446,"{""bias_swing"": 10, ""ob_swing"": 10, ""sl_buffer"": 25, ""min_rr"": 0.5}"
4,2023-08-01,2023-11-01,SNGSP,2023-08-23 08:00:00+00:00,BUY,48.95,46.7975,50.0,0.5,WIN_TP1,0.4408734030197446,"{""bias_swing"": 10, ""ob_swing"": 10, ""sl_buffer"": 25, ""min_rr"": 0.5}"
4,2023-08-01,2023-11-01,SNGSP,2023-08-25 08:00:00+00:00,BUY,48.95,46.7975,50.0,0.5,WIN_TP1,0.4408734030197446,"{""bias_swing"": 10, ""ob_swing"": 10, ""sl_buffer"": 25, ""min_rr"": 0.5}"
4,2023-08-01,2023-11-01,SNGSP,2023-08-25 08:00:00+00:00,BUY,48.63,47.8425,50.0,1.7,WIN_TP1,1.5394438095238097,"{""bias_swing"": 10, ""ob_swing"": 10, ""sl_buffer"": 25, ""min_rr"": 0.5}"
4,2023-08-01,2023-11-01,SNGSP,2023-09-01 08:00:00+00:00,BUY,50.115,49.2775,50.7,0.7,WIN_TP1,0.5444191044776117,"{""bias_swing"": 10, ""ob_swing"": 10, ""sl_buffer"": 25, ""min_rr"": 0.5}"
4,2023-08-01,2023-11-01,SNGSP,2023-09-04 12:00:00+00:00,BUY,50.115,49.2775,50.58,0.6,WIN_TP1,0.4444191044776117,"{""bias_swing"": 10, ""ob_swing"": 10, ""sl_buffer"": 25, ""min_rr"": 0.5}"
4,2023-08-01,2023-11-01,SNGSP,2023-09-07 12:00:00+00:00,BUY,48.95,46.7975,50.0,0.5,WIN_TP1,0.4408734030197446,"{""bias_swing"": 10, ""ob_swing"": 10, ""sl_buffer"": 25, ""min_rr"": 0.5}"
4,2023-08-01,2023-11-01,SNGSP,2023-09-08 08:00:00+00:00,BUY,48.95,46.7975,50.0,0.5,WIN_TP1,0.4408734030197446,"{""bias_swing"": 10, ""ob_swing"": 10, ""sl_buffer"": 25, ""min_rr"": 0.5}"
4,2023-08-01,2023-11-01,SNGSP,2023-09-11 08:00:00+00:00,BUY,48.95,46.7975,50.0,0.5,WIN_TP1,0.4408734030197446,"{""bias_swing"": 10, ""ob_swing"": 10, ""sl_buffer"": 25, ""min_rr"": 0.5}"
4,2023-08-01,2023-11-01,SNGSP,2023-09-14 08:00:00+00:00,BUY,48.95,46.7975,50.0,0.5,WIN_TP1,0.4408734030197446,"{""bias_swing"": 10, ""ob_swing"": 10, ""sl_buffer"": 25, ""min_rr"": 0.5}"
4,2023-08-01,2023-11-01,SNGSP,2023-09-19 08:00:00+00:00,BUY,48.95,46.7975,50.0,0.5,WIN_TP1,0.4408734030197446,"{""bias_swing"": 10, ""ob_swing"": 10, ""sl_buffer"": 25, ""min_rr"": 0.5}"
4,2023-08-01,2023-11-01,SNGSP,2023-09-20 08:00:00+00:00,BUY,48.95,46.7975,50.0,0.5,WIN_TP1,0.4408734030197446,"{""bias_swing"": 10, ""ob_swing"": 10, ""sl_buffer"": 25, ""min_rr"": 0.5}"
4,2023-08-01,2023-11-01,SNGSP,2023-09-21 08:00:00+00:00,BUY,48.95,46.7975,50.0,0.5,WIN_TP1,0.4408734030197446,"{""bias_swing"": 10, ""ob_swing"": 10, ""sl_buffer"": 25, ""min_rr"": 0.5}"
4,2023-08-01,2023-11-01,SNGSP,2023-09-25 08:00:00+00:00,BUY,48.95,46.7975,50.0,0.5,WIN_TP1,0.4408734030197446,"{""bias_swing"": 10, ""ob_swing"": 10, ""sl_buffer"": 25, ""min_rr"": 0.5}"
4,2023-08-01,2023-11-01,SNGSP,2023-09-26 08:00:00+00:00,BUY,48.95,46.7975,50.0,0.5,WIN_TP1,0.4408734030197446,"{""bias_swing"": 10, ""ob_swing"": 10, ""sl_buffer"": 25, ""min_rr"": 0.5}"
4,2023-08-01,2023-11-01,SNGSP,2023-10-23 08:00:00+00:00,BUY,53.12,52.5975,55.905,5.3,WIN_TP1,5.03567081339713,"{""bias_swing"": 10, ""ob_swing"": 10, ""sl_buffer"": 25, ""min_rr"": 0.5}"
4,2023-08-01,2023-11-01,SNGSP,2023-10-24 08:00:00+00:00,BUY,53.12,52.5975,55.905,5.3,WIN_TP1,5.03567081339713,"{""bias_swing"": 10, ""ob_swing"": 10, ""sl_buffer"": 25, ""min_rr"": 0.5}"
4,2023-08-01,2023-11-01,CHMF,2023-08-16 08:00:00+00:00,BUY,1267.59998,1233.79755,1300.0,1.0,WIN_TP1,0.9024993188951207,"{""bias_swing"": 10, ""ob_swing"": 10, ""sl_buffer"": 25, ""min_rr"": 0.5}"
4,2023-08-01,2023-11-01,CHMF,2023-08-17 08:00:00+00:00,BUY,1267.59998,1233.79755,1300.0,1.0,WIN_TP1,0.9024993188951207,"{""bias_swing"": 10, ""ob_swing"": 10, ""sl_buffer"": 25, ""min_rr"": 0.5}"
4,2023-08-01,2023-11-01,CHMF,2023-08-24 08:00:00+00:00,BUY,1328.19995,1290.59748,1353.0,0.7,WIN_TP1,0.6081624193836204,"{""bias_swing"": 10, ""ob_swing"": 10, ""sl_buffer"": 25, ""min_rr"": 0.5}"
4,2023-08-01,2023-11-01,CHMF,2023-09-14 08:00:00+00:00,BUY,1267.59998,1233.79755,1300.0,1.0,WIN_TP1,0.9024993188951207,"{""bias_swing"": 10, ""ob_swing"": 10, ""sl_buffer"": 25, ""min_rr"": 0.5}"
4,2023-08-01,2023-11-01,CHMF,2023-09-19 12:00:00+00:00,BUY,1267.59998,1233.79755,1300.0,1.0,WIN_TP1,0.9024993188951207,"{""bias_swing"": 10, ""ob_swing"": 10, ""sl_buffer"": 25, ""min_rr"": 0.5}"
4,2023-08-01,2023-11-01,CHMF,2023-09-20 08:00:00+00:00,BUY,1267.59998,1233.79755,1300.0,1.0,WIN_TP1,0.9024993188951207,"{""bias_swing"": 10, ""ob_swing"": 10, ""sl_buffer"": 25, ""min_rr"": 0.5}"
4,2023-08-01,2023-11-01,CHMF,2023-09-21 08:00:00+00:00,BUY,1267.59998,1233.79755,1300.0,1.0,WIN_TP1,0.9024993188951207,"{""bias_swing"": 10, ""ob_swing"": 10, ""sl_buffer"": 25, ""min_rr"": 0.5}"
4,2023-08-01,2023-11-01,CHMF,2023-10-20 12:00:00+00:00,BUY,1373.40002,1351.9975,1393.8,1.0,WIN_TP1,0.8331579621465144,"{""bias_swing"": 10, ""ob_swing"": 10, ""sl_buffer"": 25, ""min_rr"": 0.5}"
4,2023-08-01,2023-11-01,PHOR,2023-08-18 08:00:00+00:00,BUY,7506.0,7405.9975,7559.0,0.5,WIN_TP1,0.3048488787780298,"{""bias_swing"": 10, ""ob_swing"": 10, ""sl_buffer"": 25, ""min_rr"": 0.5}"
4,2023-08-01,2023-11-01,PHOR,2023-08-24 08:00:00+00:00,BUY,7506.0,7405.9975,7559.0,0.5,WIN_TP1,0.3048488787780298,"{""bias_swing"": 10, ""ob_swing"": 10, ""sl_buffer"": 25, ""min_rr"": 0.5}"
4,2023-08-01,2023-11-01,PHOR,2023-08-25 08:00:00+00:00,BUY,7506.0,7405.9975,7559.0,0.5,WIN_TP1,0.3048488787780298,"{""bias_swing"": 10, ""ob_swing"": 10, ""sl_buffer"": 25, ""min_rr"": 0.5}"
4,2023-08-01,2023-11-01,PHOR,2023-09-07 08:00:00+00:00,BUY,7119.0,7049.9975,7227.0,1.6,WIN_TP1,1.3317575450164836,"{""bias_swing"": 10, ""ob_swing"": 10, ""sl_buffer"": 25, ""min_rr"": 0.5}"
4,2023-08-01,2023-11-01,PHOR,2023-09-08 08:00:00+00:00,BUY,7119.0,7049.9975,7192.0,1.1,WIN_TP1,0.8317575450164835,"{""bias_swing"": 10, ""ob_swing"": 10, ""sl_buffer"": 25, ""min_rr"": 0.5}"
4,2023-08-01,2023-11-01,PHOR,2023-09-11 08:00:00+00:00,BUY,7119.0,7049.9975,7221.0,1.5,WIN_TP1,1.2317575450164835,"{""bias_swing"": 10, ""ob_swing"": 10, ""sl_buffer"": 25, ""min_rr"": 0.5}"
4,2023-08-01,2023-11-01,PHOR,2023-10-03 08:00:00+00:00,SELL,6801.0,6847.0025,6500.0,6.5,WIN_TP1,6.115616542579204,"{""bias_swing"": 10, ""ob_swing"": 10, ""sl_buffer"": 25, ""min_rr"": 0.5}"
4,2023-08-01,2023-11-01,AFKS,2023-08-02 08:00:00+00:00,BUY,18.646,18.4775,18.98,2.0,WIN_TP1,1.712287240356086,"{""bias_swing"": 10, ""ob_swing"": 10, ""sl_buffer"": 25, ""min_rr"": 0.5}"
4,2023-08-01,2023-11-01,AFKS,2023-08-04 12:00:00+00:00,BUY,17.837,17.6045,17.987,0.6,WIN_TP1,0.400532473118278,"{""bias_swing"": 10, ""ob_swing"": 10, ""sl_buffer"": 25, ""min_rr"": 0.5}"
4,2023-08-01,2023-11-01,AFKS,2023-08-16 12:00:00+00:00,BUY,17.122,16.8975,17.68,2.5,WIN_TP1,2.301705122494431,"{""bias_swing"": 10, ""ob_swing"": 10, ""sl_buffer"": 25, ""min_rr"": 0.5}"
4,2023-08-01,2023-11-01,AFKS,2023-09-14 08:00:00+00:00,BUY,17.122,16.8975,17.68,2.5,WIN_TP1,2.301705122494431,"{""bias_swing"": 10, ""ob_swing"": 10, ""sl_buffer"": 25, ""min_rr"": 0.5}"
4,2023-08-01,2023-11-01,NLMK,2023-08-30 08:00:00+00:00,BUY,198.48,195.6375,202.84,1.5,WIN_TP1,1.318452770448549,"{""bias_swing"": 10, ""ob_swing"": 10, ""sl_buffer"": 25, ""min_rr"": 0.5}"
4,2023-08-01,2023-11-01,NLMK,2023-08-31 12:00:00+00:00,BUY,198.48,195.6375,202.84,1.5,WIN_TP1,1.318452770448549,"{""bias_swing"": 10, ""ob_swing"": 10, ""sl_buffer"": 25, ""min_rr"": 0.5}"
4,2023-08-01,2023-11-01,NLMK,2023-09-18 08:00:00+00:00,BUY,190.24001,186.0175,195.32,1.2,WIN_TP1,1.0828601883713715,"{""bias_swing"": 10, ""ob_swing"": 10, ""sl_buffer"": 25, ""min_rr"": 0.5}"
4,2023-08-01,2023-11-01,NLMK,2023-10-04 08:00:00+00:00,BUY,210.0,207.09751,211.56,0.5,WIN_TP1,0.3118856567981285,"{""bias_swing"": 10, ""ob_swing"": 10, ""sl_buffer"": 25, ""min_rr"": 0.5}"
4,2023-08-01,2023-11-01,NLMK,2023-10-05 12:00:00+00:00,BUY,210.0,207.09751,212.0,0.7,WIN_TP1,0.5118856567981285,"{""bias_swing"": 10, ""ob_swing"": 10, ""sl_buffer"": 25, ""min_rr"": 0.5}"
4,2023-08-01,2023-11-01,NLMK,2023-10-06 08:00:00+00:00,BUY,210.0,207.09751,212.0,0.7,WIN_TP1,0.5118856567981285,"{""bias_swing"": 10, ""ob_swing"": 10, ""sl_buffer"": 25, ""min_rr"": 0.5}"
4,2023-08-01,2023-11-01,NLMK,2023-10-27 08:00:00+00:00,BUY,190.24001,186.0175,195.32,1.2,EXPIRED,,"{""bias_swing"": 10, ""ob_swing"": 10, ""sl_buffer"": 25, ""min_rr"": 0.5}"
4,2023-08-01,2023-11-01,NLMK,2023-10-31 08:00:00+00:00,BUY,190.24001,186.0175,195.32,1.2,EXPIRED,,"{""bias_swing"": 10, ""ob_swing"": 10, ""sl_buffer"": 25, ""min_rr"": 0.5}"
4,2023-08-01,2023-11-01,FESH,2023-10-30 08:00:00+00:00,SELL,93.8,95.1125,91.3,1.9,WIN_TP1,1.7141866666666665,"{""bias_swing"": 10, ""ob_swing"": 10, ""sl_buffer"": 25, ""min_rr"": 0.5}"
4,2023-08-01,2023-11-01,POSI,2023-09-26 08:00:00+00:00,BUY,2306.0,2236.79755,2345.0,0.6,WIN_TP1,0.5133614489082398,"{""bias_swing"": 10, ""ob_swing"": 10, ""sl_buffer"": 25, ""min_rr"": 0.5}"
4,2023-08-01,2023-11-01,POSI,2023-10-06 08:00:00+00:00,BUY,2450.3999,2413.79755,2477.6,0.7,WIN_TP1,0.5259390520007601,"{""bias_swing"": 10, ""ob_swing"": 10, ""sl_buffer"": 25, ""min_rr"": 0.5}"
4,2023-08-01,2023-11-01,MAGN,2023-08-02 08:00:00+00:00,BUY,53.39,52.8525,53.73,0.6,WIN_TP1,0.3417413953488379,"{""bias_swing"": 10, ""ob_swing"": 10, ""sl_buffer"": 25, ""min_rr"": 0.5}"
4,2023-08-01,2023-11-01,MAGN,2023-09-19 12:00:00+00:00,BUY,50.1,48.8025,52.61,1.9,WIN_TP1,1.7996069364161849,"{""bias_swing"": 10, ""ob_swing"": 10, ""sl_buffer"": 25, ""min_rr"": 0.5}"
4,2023-08-01,2023-11-01,MAGN,2023-09-20 08:00:00+00:00,BUY,50.1,48.8025,52.61,1.9,WIN_TP1,1.7996069364161849,"{""bias_swing"": 10, ""ob_swing"": 10, ""sl_buffer"": 25, ""min_rr"": 0.5}"
4,2023-08-01,2023-11-01,MAGN,2023-09-21 08:00:00+00:00,BUY,50.1,48.8025,52.61,1.9,WIN_TP1,1.7996069364161849,"{""bias_swing"": 10, ""ob_swing"": 10, ""sl_buffer"": 25, ""min_rr"": 0.5}"
4,2023-08-01,2023-11-01,MAGN,2023-09-22 08:00:00+00:00,BUY,50.1,48.8025,50.86,0.6,WIN_TP1,0.4996069364161849,"{""bias_swing"": 10, ""ob_swing"": 10, ""sl_buffer"": 25, ""min_rr"": 0.5}"
4,2023-08-01,2023-11-01,RUAL,2023-08-04 08:00:00+00:00,SELL,43.715,44.9025,42.57,1.0,WIN_TP1,0.9042871578947368,"{""bias_swing"": 10, ""ob_swing"": 10, ""sl_buffer"": 25, ""min_rr"": 0.5}"
4,2023-08-01,2023-11-01,RUAL,2023-08-07 08:00:00+00:00,SELL,43.715,44.9025,42.85,0.7,WIN_TP1,0.6042871578947367,"{""bias_swing"": 10, ""ob_swing"": 10, ""sl_buffer"": 25, ""min_rr"": 0.5}"
4,2023-08-01,2023-11-01,RUAL,2023-08-14 08:00:00+00:00,SELL,43.715,44.9025,42.57,1.0,WIN_TP1,0.9042871578947368,"{""bias_swing"": 10, ""ob_swing"": 10, ""sl_buffer"": 25, ""min_rr"": 0.5}"
4,2023-08-01,2023-11-01,RUAL,2023-09-04 08:00:00+00:00,SELL,43.51,44.8025,42.57,0.7,WIN_TP1,0.6124750483558996,"{""bias_swing"": 10, ""ob_swing"": 10, ""sl_buffer"": 25, ""min_rr"": 0.5}"
4,2023-08-01,2023-11-01,RUAL,2023-09-04 12:00:00+00:00,SELL,43.715,44.9025,42.57,1.0,WIN_TP1,0.9042871578947368,"{""bias_swing"": 10, ""ob_swing"": 10, ""sl_buffer"": 25, ""min_rr"": 0.5}"
4,2023-08-01,2023-11-01,RUAL,2023-09-05 08:00:00+00:00,SELL,43.715,44.9025,42.815,0.8,WIN_TP1,0.7042871578947368,"{""bias_swing"": 10, ""ob_swing"": 10, ""sl_buffer"": 25, ""min_rr"": 0.5}"
4,2023-08-01,2023-11-01,RUAL,2023-09-05 08:00:00+00:00,SELL,43.51,44.8025,42.815,0.5,WIN_TP1,0.4124750483558997,"{""bias_swing"": 10, ""ob_swing"": 10, ""sl_buffer"": 25, ""min_rr"": 0.5}"
4,2023-08-01,2023-11-01,RUAL,2023-09-07 08:00:00+00:00,SELL,43.715,44.9025,42.57,1.0,WIN_TP1,0.9042871578947368,"{""bias_swing"": 10, ""ob_swing"": 10, ""sl_buffer"": 25, ""min_rr"": 0.5}"
4,2023-08-01,2023-11-01,RUAL,2023-09-07 08:00:00+00:00,SELL,43.51,44.8025,42.57,0.7,WIN_TP1,0.6124750483558996,"{""bias_swing"": 10, ""ob_swing"": 10, ""sl_buffer"": 25, ""min_rr"": 0.5}"
4,2023-08-01,2023-11-01,RUAL,2023-10-10 08:00:00+00:00,SELL,40.135,40.7425,39.8,0.6,WIN_TP1,0.42822880658436263,"{""bias_swing"": 10, ""ob_swing"": 10, ""sl_buffer"": 25, ""min_rr"": 0.5}"
4,2023-08-01,2023-11-01,RUAL,2023-10-11 08:00:00+00:00,SELL,40.135,40.7425,39.8,0.6,WIN_TP1,0.42822880658436263,"{""bias_swing"": 10, ""ob_swing"": 10, ""sl_buffer"": 25, ""min_rr"": 0.5}"
4,2023-08-01,2023-11-01,RUAL,2023-10-16 08:00:00+00:00,SELL,40.135,40.7425,39.8,0.6,WIN_TP1,0.42822880658436263,"{""bias_swing"": 10, ""ob_swing"": 10, ""sl_buffer"": 25, ""min_rr"": 0.5}"
4,2023-08-01,2023-11-01,RUAL,2023-10-17 08:00:00+00:00,SELL,40.135,40.7425,39.8,0.6,WIN_TP1,0.42822880658436263,"{""bias_swing"": 10, ""ob_swing"": 10, ""sl_buffer"": 25, ""min_rr"": 0.5}"
4,2023-08-01,2023-11-01,SNGS,2023-08-16 08:00:00+00:00,BUY,30.54,29.5525,32.9,2.4,LOSS,-1.0804091139240506,"{""bias_swing"": 10, ""ob_swing"": 10, ""sl_buffer"": 25, ""min_rr"": 0.5}"
4,2023-08-01,2023-11-01,SNGS,2023-08-21 08:00:00+00:00,BUY,30.54,29.5525,31.165,0.6,WIN_TP1,0.5195908860759494,"{""bias_swing"": 10, ""ob_swing"": 10, ""sl_buffer"": 25, ""min_rr"": 0.5}"
4,2023-08-01,2023-11-01,SNGS,2023-08-22 08:00:00+00:00,BUY,30.54,29.5525,32.9,2.4,LOSS,-1.0804091139240506,"{""bias_swing"": 10, ""ob_swing"": 10, ""sl_buffer"": 25, ""min_rr"": 0.5}"
4,2023-08-01,2023-11-01,SNGS,2023-08-23 12:00:00+00:00,BUY,30.54,29.5525,31.165,0.6,WIN_TP1,0.5195908860759494,"{""bias_swing"": 10, ""ob_swing"": 10, ""sl_buffer"": 25, ""min_rr"": 0.5}"
4,2023-08-01,2023-11-01,SNGS,2023-08-25 08:00:00+00:00,BUY,30.54,29.5525,31.165,0.6,WIN_TP1,0.5195908860759494,"{""bias_swing"": 10, ""ob_swing"": 10, ""sl_buffer"": 25, ""min_rr"": 0.5}"
4,2023-08-01,2023-11-01,SNGS,2023-08-28 08:00:00+00:00,BUY,30.54,29.5525,31.165,0.6,WIN_TP1,0.5195908860759494,"{""bias_swing"": 10, ""ob_swing"": 10, ""sl_buffer"": 25, ""min_rr"": 0.5}"
4,2023-08-01,2023-11-01,SNGS,2023-09-11 08:00:00+00:00,BUY,30.54,29.5525,31.165,0.6,LOSS,-1.0804091139240506,"{""bias_swing"": 10, ""ob_swing"": 10, ""sl_buffer"": 25, ""min_rr"": 0.5}"
4,2023-08-01,2023-11-01,SNGS,2023-09-12 08:00:00+00:00,BUY,30.54,29.5525,31.165,0.6,LOSS,-1.0804091139240506,"{""bias_swing"": 10, ""ob_swing"": 10, ""sl_buffer"": 25, ""min_rr"": 0.5}"
4,2023-08-01,2023-11-01,SNGS,2023-09-12 08:00:00+00:00,BUY,30.22,29.9975,30.475,1.1,WIN_TP1,0.7468674157303374,"{""bias_swing"": 10, ""ob_swing"": 10, ""sl_buffer"": 25, ""min_rr"": 0.5}"
4,2023-08-01,2023-11-01,SNGS,2023-09-26 08:00:00+00:00,BUY,28.9,28.5375,29.28,1.0,WIN_TP1,0.7927172413793087,"{""bias_swing"": 10, ""ob_swing"": 10, ""sl_buffer"": 25, ""min_rr"": 0.5}"
4,2023-08-01,2023-11-01,SNGS,2023-10-24 08:00:00+00:00,BUY,32.2,31.8975,32.79,2.0,WIN_TP1,1.7232396694214893,"{""bias_swing"": 10, ""ob_swing"": 10, ""sl_buffer"": 25, ""min_rr"": 0.5}"
4,2023-08-01,2023-11-01,IRKT,2023-08-23 12:00:00+00:00,BUY,79.1,76.5975,89.0,4.0,WIN_TP1,3.917818181818182,"{""bias_swing"": 10, ""ob_swing"": 10, ""sl_buffer"": 25, ""min_rr"": 0.5}"
4,2023-08-01,2023-11-01,IRKT,2023-08-30 12:00:00+00:00,BUY,113.65,106.4975,133.55,2.8,WIN_TP1,2.7586871723173716,"{""bias_swing"": 10, ""ob_swing"": 10, ""sl_buffer"": 25, ""min_rr"": 0.5}"
4,2023-08-01,2023-11-01,IRKT,2023-08-31 08:00:00+00:00,BUY,113.65,106.4975,133.55,2.8,WIN_TP1,2.7586871723173716,"{""bias_swing"": 10, ""ob_swing"": 10, ""sl_buffer"": 25, ""min_rr"": 0.5}"
4,2023-08-01,2023-11-01,MGNT,2023-08-04 12:00:00+00:00,BUY,5625.0,5409.9975,5814.0,0.9,WIN_TP1,0.8319775351449401,"{""bias_swing"": 10, ""ob_swing"": 10, ""sl_buffer"": 25, ""min_rr"": 0.5}"
4,2023-08-01,2023-11-01,MGNT,2023-08-07 12:00:00+00:00,BUY,5625.0,5409.9975,5814.0,0.9,WIN_TP1,0.8319775351449401,"{""bias_swing"": 10, ""ob_swing"": 10, ""sl_buffer"": 25, ""min_rr"": 0.5}"
4,2023-08-01,2023-11-01,MGNT,2023-08-08 08:00:00+00:00,BUY,5625.0,5409.9975,5814.0,0.9,WIN_TP1,0.8319775351449401,"{""bias_swing"": 10, ""ob_swing"": 10, ""sl_buffer"": 25, ""min_rr"": 0.5}"
4,2023-08-01,2023-11-01,MGNT,2023-08-09 08:00:00+00:00,BUY,5625.0,5409.9975,5741.5,0.5,WIN_TP1,0.43197753514494003,"{""bias_swing"": 10, ""ob_swing"": 10, ""sl_buffer"": 25, ""min_rr"": 0.5}"
4,2023-08-01,2023-11-01,MGNT,2023-08-10 08:00:00+00:00,BUY,5625.0,5409.9975,5742.5,0.5,WIN_TP1,0.43197753514494003,"{""bias_swing"": 10, ""ob_swing"": 10, ""sl_buffer"": 25, ""min_rr"": 0.5}"
4,2023-08-01,2023-11-01,MGNT,2023-08-14 12:00:00+00:00,BUY,5625.0,5409.9975,5814.0,0.9,LOSS,-1.06802246485506,"{""bias_swing"": 10, ""ob_swing"": 10, ""sl_buffer"": 25, ""min_rr"": 0.5}"
4,2023-08-01,2023-11-01,MGNT,2023-08-18 08:00:00+00:00,BUY,5513.0,5399.9975,5617.5,0.9,WIN_TP1,0.7731550186942763,"{""bias_swing"": 10, ""ob_swing"": 10, ""sl_buffer"": 25, ""min_rr"": 0.5}"
4,2023-08-01,2023-11-01,MOEX,2023-08-04 12:00:00+00:00,BUY,125.52,124.1375,128.65,2.3,WIN_TP1,2.063940687160939,"{""bias_swing"": 10, ""ob_swing"": 10, ""sl_buffer"": 25, ""min_rr"": 0.5}"
4,2023-08-01,2023-11-01,MOEX,2023-08-24 08:00:00+00:00,BUY,153.36,150.56751,158.02,1.7,WIN_TP1,1.5572113060386974,"{""bias_swing"": 10, ""ob_swing"": 10, ""sl_buffer"": 25, ""min_rr"": 0.5}"
4,2023-08-01,2023-11-01,MOEX,2023-08-25 08:00:00+00:00,BUY,153.36,150.56751,158.02,1.7,WIN_TP1,1.5572113060386974,"{""bias_swing"": 10, ""ob_swing"": 10, ""sl_buffer"": 25, ""min_rr"": 0.5}"
4,2023-08-01,2023-11-01,MOEX,2023-09-05 08:00:00+00:00,BUY,171.33,168.89749,173.0,0.7,WIN_TP1,0.5168731063798304,"{""bias_swing"": 10, ""ob_swing"": 10, ""sl_buffer"": 25, ""min_rr"": 0.5}"
4,2023-08-01,2023-11-01,MOEX,2023-10-09 12:00:00+00:00,BUY,181.00999,180.0575,183.65,2.8,WIN_TP1,2.305899301829932,"{""bias_swing"": 10, ""ob_swing"": 10, ""sl_buffer"": 25, ""min_rr"": 0.5}"
4,2023-08-01,2023-11-01,MOEX,2023-10-26 08:00:00+00:00,BUY,188.2,185.8775,189.82,0.7,WIN_TP1,0.4893132400430562,"{""bias_swing"": 10, ""ob_swing"": 10, ""sl_buffer"": 25, ""min_rr"": 0.5}"
5,2023-09-01,2023-12-01,NVTK,2023-09-26 08:00:00+00:00,BUY,1610.0,1583.79505,1646.0,1.4,WIN_TP1,1.2402591876725584,"{""bias_swing"": 10, ""ob_swing"": 10, ""sl_buffer"": 50, ""min_rr"": 1.0}"
5,2023-09-01,2023-12-01,NVTK,2023-11-09 08:00:00+00:00,BUY,1610.0,1583.79505,1646.0,1.4,LOSS,-1.1597408123274415,"{""bias_swing"": 10, ""ob_swing"": 10, ""sl_buffer"": 50, ""min_rr"": 1.0}"
5,2023-09-01,2023-12-01,OZON,2023-09-11 08:00:00+00:00,BUY,2664.0,2588.995,2827.5,2.2,LOSS,-1.0923458436104259,"{""bias_swing"": 10, ""ob_swing"": 10, ""sl_buffer"": 50, ""min_rr"": 1.0}"
5,2023-09-01,2023-12-01,OZON,2023-09-14 08:00:00+00:00,BUY,2664.0,2588.995,2784.0,1.6,WIN_TP1,1.5076541563895742,"{""bias_swing"": 10, ""ob_swing"": 10, ""sl_buffer"": 50, ""min_rr"": 1.0}"
5,2023-09-01,2023-12-01,OZON,2023-10-24 08:00:00+00:00,BUY,2689.0,2651.995,2724.5,1.0,WIN_TP1,0.8110687744899343,"{""bias_swing"": 10, ""ob_swing"": 10, ""sl_buffer"": 50, ""min_rr"": 1.0}"
5,2023-09-01,2023-12-01,OZON,2023-10-31 08:00:00+00:00,BUY,2610.0,2564.995,2724.5,2.5,WIN_TP1,2.3492167536940345,"{""bias_swing"": 10, ""ob_swing"": 10, ""sl_buffer"": 50, ""min_rr"": 1.0}"
5,2023-09-01,2023-12-01,OZON,2023-11-01 08:00:00+00:00,BUY,2610.0,2564.995,2668.0,1.3,WIN_TP1,1.1492167536940343,"{""bias_swing"": 10, ""ob_swing"": 10, ""sl_buffer"": 50, ""min_rr"": 1.0}"
5,2023-09-01,2023-12-01,OZON,2023-11-03 08:00:00+00:00,BUY,2610.0,2564.995,2672.0,1.4,WIN_TP1,1.2492167536940344,"{""bias_swing"": 10, ""ob_swing"": 10, ""sl_buffer"": 50, ""min_rr"": 1.0}"
5,2023-09-01,2023-12-01,OZON,2023-11-06 08:00:00+00:00,BUY,2634.0,2599.495,2672.0,1.1,WIN_TP1,0.9015244167511962,"{""bias_swing"": 10, ""ob_swing"": 10, ""sl_buffer"": 50, ""min_rr"": 1.0}"
5,2023-09-01,2023-12-01,OZON,2023-11-14 08:00:00+00:00,BUY,2610.0,2564.995,2700.0,2.0,WIN_TP1,1.8492167536940345,"{""bias_swing"": 10, ""ob_swing"": 10, ""sl_buffer"": 50, ""min_rr"": 1.0}"
5,2023-09-01,2023-12-01,FLOT,2023-09-14 08:00:00+00:00,BUY,101.8,96.005,108.46,1.1,WIN_TP1,1.0543261432269198,"{""bias_swing"": 10, ""ob_swing"": 10, ""sl_buffer"": 50, ""min_rr"": 1.0}"
5,2023-09-01,2023-12-01,FLOT,2023-11-23 08:00:00+00:00,BUY,127.5,125.145,131.0,1.5,WIN_TP1,1.3592356687898093,"{""bias_swing"": 10, ""ob_swing"": 10, ""sl_buffer"": 50, ""min_rr"": 1.0}"
5,2023-09-01,2023-12-01,FLOT,2023-11-29 08:00:00+00:00,BUY,127.5,125.145,131.0,1.5,LOSS,-1.1407643312101907,"{""bias_swing"": 10, ""ob_swing"": 10, ""sl_buffer"": 50, ""min_rr"": 1.0}"
5,2023-09-01,2023-12-01,VKCO,2023-11-01 08:00:00+00:00,BUY,584.40002,575.995,596.2,1.4,WIN_TP1,1.2192223157113256,"{""bias_swing"": 10, ""ob_swing"": 10, ""sl_buffer"": 50, ""min_rr"": 1.0}"
5,2023-09-01,2023-12-01,TRNFP,2023-11-14 08:00:00+00:00,BUY,1441.5,1429.995,1453.0,1.0,WIN_TP1,0.6742372881355962,"{""bias_swing"": 10, ""ob_swing"": 10, ""sl_buffer"": 50, ""min_rr"": 1.0}"
5,2023-09-01,2023-12-01,SNGSP,2023-10-23 08:00:00+00:00,BUY,53.12,52.595,55.905,5.3,WIN_TP1,5.036929523809523,"{""bias_swing"": 10, ""ob_swing"": 10, ""sl_buffer"": 50, ""min_rr"": 1.0}"
5,2023-09-01,2023-12-01,SNGSP,2023-10-24 08:00:00+00:00,BUY,53.12,52.595,55.905,5.3,WIN_TP1,5.036929523809523,"{""bias_swing"": 10, ""ob_swing"": 10, ""sl_buffer"": 50, ""min_rr"": 1.0}"
5,2023-09-01,2023-12-01,CHMF,2023-09-14 08:00:00+00:00,BUY,1267.59998,1233.79505,1300.0,1.0,WIN_TP1,0.9025065294322456,"{""bias_swing"": 10, ""ob_swing"": 10, ""sl_buffer"": 50, ""min_rr"": 1.0}"
5,2023-09-01,2023-12-01,CHMF,2023-09-19 12:00:00+00:00,BUY,1267.59998,1233.79505,1300.0,1.0,WIN_TP1,0.9025065294322456,"{""bias_swing"": 10, ""ob_swing"": 10, ""sl_buffer"": 50, ""min_rr"": 1.0}"
5,2023-09-01,2023-12-01,CHMF,2023-09-20 08:00:00+00:00,BUY,1267.59998,1233.79505,1300.0,1.0,WIN_TP1,0.9025065294322456,"{""bias_swing"": 10, ""ob_swing"": 10, ""sl_buffer"": 50, ""min_rr"": 1.0}"
5,2023-09-01,2023-12-01,CHMF,2023-09-21 08:00:00+00:00,BUY,1267.59998,1233.79505,1300.0,1.0,WIN_TP1,0.9025065294322456,"{""bias_swing"": 10, ""ob_swing"": 10, ""sl_buffer"": 50, ""min_rr"": 1.0}"
5,2023-09-01,2023-12-01,CHMF,2023-10-20 12:00:00+00:00,BUY,1373.40002,1351.995,1393.8,1.0,WIN_TP1,0.833177448467697,"{""bias_swing"": 10, ""ob_swing"": 10, ""sl_buffer"": 50, ""min_rr"": 1.0}"
5,2023-09-01,2023-12-01,PHOR,2023-09-07 08:00:00+00:00,BUY,7119.0,7049.995,7227.0,1.6,WIN_TP1,1.3317672632417947,"{""bias_swing"": 10, ""ob_swing"": 10, ""sl_buffer"": 50, ""min_rr"": 1.0}"
5,2023-09-01,2023-12-01,PHOR,2023-09-08 08:00:00+00:00,BUY,7119.0,7049.995,7192.0,1.1,WIN_TP1,0.8317672632417946,"{""bias_swing"": 10, ""ob_swing"": 10, ""sl_buffer"": 50, ""min_rr"": 1.0}"
5,2023-09-01,2023-12-01,PHOR,2023-09-11 08:00:00+00:00,BUY,7119.0,7049.995,7221.0,1.5,WIN_TP1,1.2317672632417946,"{""bias_swing"": 10, ""ob_swing"": 10, ""sl_buffer"": 50, ""min_rr"": 1.0}"
5,2023-09-01,2023-12-01,PHOR,2023-10-03 08:00:00+00:00,SELL,6801.0,6847.005,6500.0,6.5,WIN_TP1,6.115637430714053,"{""bias_swing"": 10, ""ob_swing"": 10, ""sl_buffer"": 50, ""min_rr"": 1.0}"
5,2023-09-01,2023-12-01,AFKS,2023-11-22 08:00:00+00:00,SELL,16.896,17.061,16.685,1.3,WIN_TP1,1.0337599999999987,"{""bias_swing"": 10, ""ob_swing"": 10, ""sl_buffer"": 50, ""min_rr"": 1.0}"
5,2023-09-01,2023-12-01,NLMK,2023-09-18 08:00:00+00:00,BUY,190.24001,186.015,195.32,1.2,WIN_TP1,1.082929501705322,"{""bias_swing"": 10, ""ob_swing"": 10, ""sl_buffer"": 50, ""min_rr"": 1.0}"
5,2023-09-01,2023-12-01,NLMK,2023-10-27 08:00:00+00:00,BUY,190.24001,186.015,195.32,1.2,LOSS,-1.117070498294678,"{""bias_swing"": 10, ""ob_swing"": 10, ""sl_buffer"": 50, ""min_rr"": 1.0}"
5,2023-09-01,2023-12-01,NLMK,2023-10-31 08:00:00+00:00,BUY,190.24001,186.015,195.32,1.2,LOSS,-1.117070498294678,"{""bias_swing"": 10, ""ob_swing"": 10, ""sl_buffer"": 50, ""min_rr"": 1.0}"
5,2023-09-01,2023-12-01,NLMK,2023-11-01 08:00:00+00:00,BUY,190.24001,186.015,195.32,1.2,LOSS,-1.117070498294678,"{""bias_swing"": 10, ""ob_swing"": 10, ""sl_buffer"": 50, ""min_rr"": 1.0}"
5,2023-09-01,2023-12-01,FESH,2023-10-30 08:00:00+00:00,SELL,93.8,95.115,91.3,1.9,WIN_TP1,1.7145399239543722,"{""bias_swing"": 10, ""ob_swing"": 10, ""sl_buffer"": 50, ""min_rr"": 1.0}"
5,2023-09-01,2023-12-01,FESH,2023-11-29 08:00:00+00:00,SELL,81.89,83.505,77.38,2.8,WIN_TP1,2.6681647058823525,"{""bias_swing"": 10, ""ob_swing"": 10, ""sl_buffer"": 50, ""min_rr"": 1.0}"
5,2023-09-01,2023-12-01,MAGN,2023-09-19 12:00:00+00:00,BUY,50.1,48.8,52.61,1.9,WIN_TP1,1.7998000000000003,"{""bias_swing"": 10, ""ob_swing"": 10, ""sl_buffer"": 50, ""min_rr"": 1.0}"
5,2023-09-01,2023-12-01,MAGN,2023-09-20 08:00:00+00:00,BUY,50.1,48.8,52.61,1.9,WIN_TP1,1.7998000000000003,"{""bias_swing"": 10, ""ob_swing"": 10, ""sl_buffer"": 50, ""min_rr"": 1.0}"
5,2023-09-01,2023-12-01,MAGN,2023-09-21 08:00:00+00:00,BUY,50.1,48.8,52.61,1.9,WIN_TP1,1.7998000000000003,"{""bias_swing"": 10, ""ob_swing"": 10, ""sl_buffer"": 50, ""min_rr"": 1.0}"
5,2023-09-01,2023-12-01,MAGN,2023-11-09 08:00:00+00:00,BUY,51.82,51.005,52.61,1.0,LOSS,-1.1653153374233134,"{""bias_swing"": 10, ""ob_swing"": 10, ""sl_buffer"": 50, ""min_rr"": 1.0}"
5,2023-09-01,2023-12-01,MAGN,2023-11-14 08:00:00+00:00,BUY,51.82,51.005,52.595,1.0,LOSS,-1.1653153374233134,"{""bias_swing"": 10, ""ob_swing"": 10, ""sl_buffer"": 50, ""min_rr"": 1.0}"
5,2023-09-01,2023-12-01,MAGN,2023-11-15 08:00:00+00:00,BUY,51.82,51.005,52.595,1.0,LOSS,-1.1653153374233134,"{""bias_swing"": 10, ""ob_swing"": 10, ""sl_buffer"": 50, ""min_rr"": 1.0}"
5,2023-09-01,2023-12-01,MAGN,2023-11-21 08:00:00+00:00,BUY,51.545,50.84,52.595,1.5,WIN_TP1,1.3099049645390066,"{""bias_swing"": 10, ""ob_swing"": 10, ""sl_buffer"": 50, ""min_rr"": 1.0}"
5,2023-09-01,2023-12-01,MAGN,2023-11-24 08:00:00+00:00,BUY,51.545,50.84,52.595,1.5,LOSS,-1.1900950354609934,"{""bias_swing"": 10, ""ob_swing"": 10, ""sl_buffer"": 50, ""min_rr"": 1.0}"
5,2023-09-01,2023-12-01,RUAL,2023-09-04 12:00:00+00:00,SELL,43.715,44.905,42.57,1.0,WIN_TP1,0.9044882352941175,"{""bias_swing"": 10, ""ob_swing"": 10, ""sl_buffer"": 50, ""min_rr"": 1.0}"
5,2023-09-01,2023-12-01,RUAL,2023-09-07 08:00:00+00:00,SELL,43.715,44.905,42.57,1.0,WIN_TP1,0.9044882352941175,"{""bias_swing"": 10, ""ob_swing"": 10, ""sl_buffer"": 50, ""min_rr"": 1.0}"
5,2023-09-01,2023-12-01,RUAL,2023-11-29 08:00:00+00:00,SELL,37.72,38.345,36.92,1.3,WIN_TP1,1.1430848,"{""bias_swing"": 10, ""ob_swing"": 10, ""sl_buffer"": 50, ""min_rr"": 1.0}"
5,2023-09-01,2023-12-01,SNGS,2023-09-12 08:00:00+00:00,BUY,30.22,29.995,30.475,1.1,WIN_TP1,0.750791111111108,"{""bias_swing"": 10, ""ob_swing"": 10, ""sl_buffer"": 50, ""min_rr"": 1.0}"
5,2023-09-01,2023-12-01,SNGS,2023-09-26 08:00:00+00:00,BUY,28.9,28.535,29.28,1.0,WIN_TP1,0.794136986301369,"{""bias_swing"": 10, ""ob_swing"": 10, ""sl_buffer"": 50, ""min_rr"": 1.0}"
5,2023-09-01,2023-12-01,SNGS,2023-10-24 08:00:00+00:00,BUY,32.2,31.895,32.79,1.9,WIN_TP1,1.6255081967213143,"{""bias_swing"": 10, ""ob_swing"": 10, ""sl_buffer"": 50, ""min_rr"": 1.0}"
5,2023-09-01,2023-12-01,MOEX,2023-10-09 12:00:00+00:00,BUY,181.00999,180.055,183.65,2.8,WIN_TP1,2.3071927726991808,"{""bias_swing"": 10, ""ob_swing"": 10, ""sl_buffer"": 50, ""min_rr"": 1.0}"
5,2023-09-01,2023-12-01,MOEX,2023-11-09 08:00:00+00:00,BUY,204.59,202.545,207.47,1.4,WIN_TP1,1.139885574572129,"{""bias_swing"": 10, ""ob_swing"": 10, ""sl_buffer"": 50, ""min_rr"": 1.0}"
5,2023-09-01,2023-12-01,MOEX,2023-11-20 08:00:00+00:00,BUY,202.38,200.265,204.96,1.2,WIN_TP1,0.9512113475177315,"{""bias_swing"": 10, ""ob_swing"": 10, ""sl_buffer"": 50, ""min_rr"": 1.0}"
5,2023-09-01,2023-12-01,MOEX,2023-11-24 08:00:00+00:00,BUY,205.69,203.745,207.7,1.0,WIN_TP1,0.725041645244215,"{""bias_swing"": 10, ""ob_swing"": 10, ""sl_buffer"": 50, ""min_rr"": 1.0}"
6,2023-10-01,2024-01-01,NVTK,2023-12-05 12:00:00+00:00,SELL,1538.0,1552.005,1510.4,2.0,WIN_TP1,1.7144734023563035,"{""bias_swing"": 10, ""ob_swing"": 10, ""sl_buffer"": 50, ""min_rr"": 1.5}"
6,2023-10-01,2024-01-01,NVTK,2023-12-06 08:00:00+00:00,SELL,1538.0,1552.005,1514.0,1.7,WIN_TP1,1.4144734023563035,"{""bias_swing"": 10, ""ob_swing"": 10, ""sl_buffer"": 50, ""min_rr"": 1.5}"
6,2023-10-01,2024-01-01,NVTK,2023-12-08 08:00:00+00:00,SELL,1538.0,1552.005,1510.4,2.0,WIN_TP1,1.7144734023563035,"{""bias_swing"": 10, ""ob_swing"": 10, ""sl_buffer"": 50, ""min_rr"": 1.5}"
6,2023-10-01,2024-01-01,OZON,2023-10-31 08:00:00+00:00,BUY,2610.0,2564.995,2724.5,2.5,WIN_TP1,2.3492167536940345,"{""bias_swing"": 10, ""ob_swing"": 10, ""sl_buffer"": 50, ""min_rr"": 1.5}"
6,2023-10-01,2024-01-01,OZON,2023-11-14 08:00:00+00:00,BUY,2610.0,2564.995,2700.0,2.0,WIN_TP1,1.8492167536940345,"{""bias_swing"": 10, ""ob_swing"": 10, ""sl_buffer"": 50, ""min_rr"": 1.5}"
6,2023-10-01,2024-01-01,FLOT,2023-11-23 08:00:00+00:00,BUY,127.5,125.145,131.0,1.5,WIN_TP1,1.3592356687898093,"{""bias_swing"": 10, ""ob_swing"": 10, ""sl_buffer"": 50, ""min_rr"": 1.5}"
6,2023-10-01,2024-01-01,FLOT,2023-11-29 08:00:00+00:00,BUY,127.5,125.145,131.0,1.5,LOSS,-1.1407643312101907,"{""bias_swing"": 10, ""ob_swing"": 10, ""sl_buffer"": 50, ""min_rr"": 1.5}"
6,2023-10-01,2024-01-01,SNGSP,2023-10-23 08:00:00+00:00,BUY,53.12,52.595,55.905,5.3,WIN_TP1,5.036929523809523,"{""bias_swing"": 10, ""ob_swing"": 10, ""sl_buffer"": 50, ""min_rr"": 1.5}"
6,2023-10-01,2024-01-01,SNGSP,2023-10-24 08:00:00+00:00,BUY,53.12,52.595,55.905,5.3,WIN_TP1,5.036929523809523,"{""bias_swing"": 10, ""ob_swing"": 10, ""sl_buffer"": 50, ""min_rr"": 1.5}"
6,2023-10-01,2024-01-01,SNGSP,2023-12-12 08:00:00+00:00,BUY,53.12,52.595,55.905,5.3,WIN_TP1,5.036929523809523,"{""bias_swing"": 10, ""ob_swing"": 10, ""sl_buffer"": 50, ""min_rr"": 1.5}"
6,2023-10-01,2024-01-01,CHMF,2023-12-28 12:00:00+00:00,SELL,1402.19995,1419.005,1368.0,2.0,EXPIRED,,"{""bias_swing"": 10, ""ob_swing"": 10, ""sl_buffer"": 50, ""min_rr"": 1.5}"
6,2023-10-01,2024-01-01,PHOR,2023-10-03 08:00:00+00:00,SELL,6801.0,6847.005,6500.0,6.5,WIN_TP1,6.115637430714053,"{""bias_swing"": 10, ""ob_swing"": 10, ""sl_buffer"": 50, ""min_rr"": 1.5}"
6,2023-10-01,2024-01-01,FESH,2023-10-30 08:00:00+00:00,SELL,93.8,95.115,91.3,1.9,WIN_TP1,1.7145399239543722,"{""bias_swing"": 10, ""ob_swing"": 10, ""sl_buffer"": 50, ""min_rr"": 1.5}"
6,2023-10-01,2024-01-01,FESH,2023-11-29 08:00:00+00:00,SELL,81.89,83.505,77.38,2.8,WIN_TP1,2.6681647058823525,"{""bias_swing"": 10, ""ob_swing"": 10, ""sl_buffer"": 50, ""min_rr"": 1.5}"
6,2023-10-01,2024-01-01,MAGN,2023-11-21 08:00:00+00:00,BUY,51.545,50.84,52.595,1.5,WIN_TP1,1.3099049645390066,"{""bias_swing"": 10, ""ob_swing"": 10, ""sl_buffer"": 50, ""min_rr"": 1.5}"
6,2023-10-01,2024-01-01,MAGN,2023-11-24 08:00:00+00:00,BUY,51.545,50.84,52.595,1.5,LOSS,-1.1900950354609934,"{""bias_swing"": 10, ""ob_swing"": 10, ""sl_buffer"": 50, ""min_rr"": 1.5}"
6,2023-10-01,2024-01-01,SNGS,2023-10-24 08:00:00+00:00,BUY,32.2,31.895,32.79,1.9,WIN_TP1,1.6255081967213143,"{""bias_swing"": 10, ""ob_swing"": 10, ""sl_buffer"": 50, ""min_rr"": 1.5}"
6,2023-10-01,2024-01-01,MOEX,2023-10-09 12:00:00+00:00,BUY,181.00999,180.055,183.65,2.8,WIN_TP1,2.3071927726991808,"{""bias_swing"": 10, ""ob_swing"": 10, ""sl_buffer"": 50, ""min_rr"": 1.5}"
7,2023-11-01,2024-02-01,NVTK,2023-12-05 12:00:00+00:00,SELL,1538.0,1552.0025,1510.4,2.0,WIN_TP1,1.7144224245670427,"{""bias_swing"": 10, ""ob_swing"": 10, ""sl_buffer"": 25, ""min_rr"": 1.5}"
7,2023-11-01,2024-02-01,NVTK,2023-12-06 08:00:00+00:00,SELL,1538.0,1552.0025,1514.0,1.7,WIN_TP1,1.4144224245670427,"{""bias_swing"": 10, ""ob_swing"": 10, ""sl_buffer"": 25, ""min_rr"": 1.5}"
7,2023-11-01,2024-02-01,NVTK,2023-12-08 08:00:00+00:00,SELL,1538.0,1552.0025,1510.4,2.0,WIN_TP1,1.7144224245670427,"{""bias_swing"": 10, ""ob_swing"": 10, ""sl_buffer"": 25, ""min_rr"": 1.5}"
7,2023-11-01,2024-02-01,FLOT,2023-11-23 08:00:00+00:00,BUY,127.5,125.1475,131.0,1.5,WIN_TP1,1.3590860786397454,"{""bias_swing"": 10, ""ob_swing"": 10, ""sl_buffer"": 25, ""min_rr"": 1.5}"
7,2023-11-01,2024-02-01,FLOT,2023-11-29 08:00:00+00:00,BUY,127.5,125.1475,131.0,1.5,LOSS,-1.1409139213602546,"{""bias_swing"": 10, ""ob_swing"": 10, ""sl_buffer"": 25, ""min_rr"": 1.5}"
7,2023-11-01,2024-02-01,TRNFP,2024-01-11 12:00:00+00:00,SELL,1496.0,1515.0025,1451.5,2.3,LOSS,-1.2046888567293772,"{""bias_swing"": 10, ""ob_swing"": 10, ""sl_buffer"": 25, ""min_rr"": 1.5}"
7,2023-11-01,2024-02-01,SNGSP,2023-12-12 08:00:00+00:00,BUY,53.12,52.5975,55.905,5.3,WIN_TP1,5.03567081339713,"{""bias_swing"": 10, ""ob_swing"": 10, ""sl_buffer"": 25, ""min_rr"": 1.5}"
7,2023-11-01,2024-02-01,CHMF,2023-12-28 12:00:00+00:00,SELL,1402.19995,1419.0025,1368.0,2.0,LOSS,-1.2169742015348846,"{""bias_swing"": 10, ""ob_swing"": 10, ""sl_buffer"": 25, ""min_rr"": 1.5}"
7,2023-11-01,2024-02-01,CHMF,2024-01-05 12:00:00+00:00,SELL,1435.59998,1445.0025,1368.0,7.2,LOSS,-1.3969744226015963,"{""bias_swing"": 10, ""ob_swing"": 10, ""sl_buffer"": 25, ""min_rr"": 1.5}"
7,2023-11-01,2024-02-01,FESH,2023-11-29 08:00:00+00:00,SELL,81.89,83.5025,77.38,2.8,WIN_TP1,2.667960310077519,"{""bias_swing"": 10, ""ob_swing"": 10, ""sl_buffer"": 25, ""min_rr"": 1.5}"
7,2023-11-01,2024-02-01,MAGN,2023-11-21 08:00:00+00:00,BUY,51.545,50.8425,52.595,1.5,WIN_TP1,1.3092284697508898,"{""bias_swing"": 10, ""ob_swing"": 10, ""sl_buffer"": 25, ""min_rr"": 1.5}"
7,2023-11-01,2024-02-01,MAGN,2023-11-24 08:00:00+00:00,BUY,51.545,50.8425,52.595,1.5,LOSS,-1.1907715302491102,"{""bias_swing"": 10, ""ob_swing"": 10, ""sl_buffer"": 25, ""min_rr"": 1.5}"
8,2023-12-01,2024-03-01,ENPG,2024-02-07 08:00:00+00:00,SELL,473.79999,479.0025,463.8,1.9,WIN_TP1,1.6632142996361379,"{""bias_swing"": 10, ""ob_swing"": 10, ""sl_buffer"": 25, ""min_rr"": 1.5}"
8,2023-12-01,2024-03-01,NVTK,2023-12-05 12:00:00+00:00,SELL,1538.0,1552.0025,1510.4,2.0,WIN_TP1,1.7144224245670427,"{""bias_swing"": 10, ""ob_swing"": 10, ""sl_buffer"": 25, ""min_rr"": 1.5}"
8,2023-12-01,2024-03-01,NVTK,2023-12-06 08:00:00+00:00,SELL,1538.0,1552.0025,1514.0,1.7,WIN_TP1,1.4144224245670427,"{""bias_swing"": 10, ""ob_swing"": 10, ""sl_buffer"": 25, ""min_rr"": 1.5}"
8,2023-12-01,2024-03-01,NVTK,2023-12-08 08:00:00+00:00,SELL,1538.0,1552.0025,1510.4,2.0,WIN_TP1,1.7144224245670427,"{""bias_swing"": 10, ""ob_swing"": 10, ""sl_buffer"": 25, ""min_rr"": 1.5}"
8,2023-12-01,2024-03-01,TRNFP,2024-01-11 12:00:00+00:00,SELL,1496.0,1515.0025,1451.5,2.3,LOSS,-1.2046888567293772,"{""bias_swing"": 10, ""ob_swing"": 10, ""sl_buffer"": 25, ""min_rr"": 1.5}"
8,2023-12-01,2024-03-01,SNGSP,2023-12-12 08:00:00+00:00,BUY,53.12,52.5975,55.905,5.3,WIN_TP1,5.03567081339713,"{""bias_swing"": 10, ""ob_swing"": 10, ""sl_buffer"": 25, ""min_rr"": 1.5}"
8,2023-12-01,2024-03-01,CHMF,2023-12-28 12:00:00+00:00,SELL,1402.19995,1419.0025,1368.0,2.0,LOSS,-1.2169742015348846,"{""bias_swing"": 10, ""ob_swing"": 10, ""sl_buffer"": 25, ""min_rr"": 1.5}"
8,2023-12-01,2024-03-01,CHMF,2024-01-05 12:00:00+00:00,SELL,1435.59998,1445.0025,1368.0,7.2,LOSS,-1.3969744226015963,"{""bias_swing"": 10, ""ob_swing"": 10, ""sl_buffer"": 25, ""min_rr"": 1.5}"
8,2023-12-01,2024-03-01,CHMF,2024-02-22 08:00:00+00:00,BUY,1576.40002,1549.9975,1620.2,1.7,WIN_TP1,1.5447633009273363,"{""bias_swing"": 10, ""ob_swing"": 10, ""sl_buffer"": 25, ""min_rr"": 1.5}"
8,2023-12-01,2024-03-01,IRKT,2024-02-27 08:00:00+00:00,SELL,79.85,82.5025,74.8,1.9,WIN_TP1,1.8217304429783223,"{""bias_swing"": 10, ""ob_swing"": 10, ""sl_buffer"": 25, ""min_rr"": 1.5}"
8,2023-12-01,2024-03-01,IRKT,2024-02-28 08:00:00+00:00,SELL,79.85,82.5025,74.8,1.9,WIN_TP1,1.8217304429783223,"{""bias_swing"": 10, ""ob_swing"": 10, ""sl_buffer"": 25, ""min_rr"": 1.5}"
9,2024-01-01,2024-04-01,ENPG,2024-02-07 08:00:00+00:00,SELL,473.79999,479.0025,463.8,1.9,WIN_TP1,1.6632142996361379,"{""bias_swing"": 10, ""ob_swing"": 10, ""sl_buffer"": 25, ""min_rr"": 1.5}"
9,2024-01-01,2024-04-01,NVTK,2024-03-18 08:00:00+00:00,SELL,1400.0,1415.0025,1377.0,1.5,WIN_TP1,1.2573737710381612,"{""bias_swing"": 10, ""ob_swing"": 10, ""sl_buffer"": 25, ""min_rr"": 1.5}"
9,2024-01-01,2024-04-01,NVTK,2024-03-19 08:00:00+00:00,SELL,1400.0,1415.0025,1377.0,1.5,WIN_TP1,1.2573737710381612,"{""bias_swing"": 10, ""ob_swing"": 10, ""sl_buffer"": 25, ""min_rr"": 1.5}"
9,2024-01-01,2024-04-01,NVTK,2024-03-21 08:00:00+00:00,SELL,1371.0,1385.0025,1350.0,1.5,WIN_TP1,1.2454311730048215,"{""bias_swing"": 10, ""ob_swing"": 10, ""sl_buffer"": 25, ""min_rr"": 1.5}"
9,2024-01-01,2024-04-01,CHMF,2024-02-22 08:00:00+00:00,BUY,1576.40002,1549.9975,1620.2,1.7,WIN_TP1,1.5447633009273363,"{""bias_swing"": 10, ""ob_swing"": 10, ""sl_buffer"": 25, ""min_rr"": 1.5}"
9,2024-01-01,2024-04-01,CHMF,2024-03-19 12:00:00+00:00,BUY,1719.0,1708.59748,1740.0,2.0,WIN_TP1,1.5703541065049662,"{""bias_swing"": 10, ""ob_swing"": 10, ""sl_buffer"": 25, ""min_rr"": 1.5}"
9,2024-01-01,2024-04-01,POSI,2024-03-22 08:00:00+00:00,BUY,2658.0,2621.19745,2717.6,1.6,WIN_TP1,1.4122195337007892,"{""bias_swing"": 10, ""ob_swing"": 10, ""sl_buffer"": 25, ""min_rr"": 1.5}"
9,2024-01-01,2024-04-01,IRKT,2024-02-27 08:00:00+00:00,SELL,79.85,82.5025,74.8,1.9,WIN_TP1,1.8217304429783223,"{""bias_swing"": 10, ""ob_swing"": 10, ""sl_buffer"": 25, ""min_rr"": 1.5}"
9,2024-01-01,2024-04-01,IRKT,2024-02-28 08:00:00+00:00,SELL,79.85,82.5025,74.8,1.9,WIN_TP1,1.8217304429783223,"{""bias_swing"": 10, ""ob_swing"": 10, ""sl_buffer"": 25, ""min_rr"": 1.5}"
9,2024-01-01,2024-04-01,IRKT,2024-02-29 08:00:00+00:00,SELL,79.85,82.5025,74.8,1.9,WIN_TP1,1.8217304429783223,"{""bias_swing"": 10, ""ob_swing"": 10, ""sl_buffer"": 25, ""min_rr"": 1.5}"
10,2024-02-01,2024-05-01,ENPG,2024-02-07 08:00:00+00:00,SELL,473.79999,479.0025,463.8,1.9,WIN_TP1,1.6632142996361379,"{""bias_swing"": 10, ""ob_swing"": 10, ""sl_buffer"": 25, ""min_rr"": 1.5}"
10,2024-02-01,2024-05-01,NVTK,2024-03-18 08:00:00+00:00,SELL,1400.0,1415.0025,1377.0,1.5,WIN_TP1,1.2573737710381612,"{""bias_swing"": 10, ""ob_swing"": 10, ""sl_buffer"": 25, ""min_rr"": 1.5}"
10,2024-02-01,2024-05-01,NVTK,2024-03-19 08:00:00+00:00,SELL,1400.0,1415.0025,1377.0,1.5,WIN_TP1,1.2573737710381612,"{""bias_swing"": 10, ""ob_swing"": 10, ""sl_buffer"": 25, ""min_rr"": 1.5}"
10,2024-02-01,2024-05-01,NVTK,2024-03-21 08:00:00+00:00,SELL,1371.0,1385.0025,1350.0,1.5,WIN_TP1,1.2454311730048215,"{""bias_swing"": 10, ""ob_swing"": 10, ""sl_buffer"": 25, ""min_rr"": 1.5}"
10,2024-02-01,2024-05-01,NVTK,2024-03-29 08:00:00+00:00,SELL,1318.59998,1329.0025,1303.4,1.5,WIN_TP1,1.1704298623795033,"{""bias_swing"": 10, ""ob_swing"": 10, ""sl_buffer"": 25, ""min_rr"": 1.5}"
10,2024-02-01,2024-05-01,NVTK,2024-04-01 08:00:00+00:00,SELL,1318.59998,1329.0025,1303.4,1.5,WIN_TP1,1.1704298623795033,"{""bias_swing"": 10, ""ob_swing"": 10, ""sl_buffer"": 25, ""min_rr"": 1.5}"
10,2024-02-01,2024-05-01,NVTK,2024-04-04 12:00:00+00:00,SELL,1318.59998,1329.0025,1303.4,1.5,WIN_TP1,1.1704298623795033,"{""bias_swing"": 10, ""ob_swing"": 10, ""sl_buffer"": 25, ""min_rr"": 1.5}"
10,2024-02-01,2024-05-01,CHMF,2024-02-22 08:00:00+00:00,BUY,1576.40002,1549.9975,1620.2,1.7,WIN_TP1,1.5447633009273363,"{""bias_swing"": 10, ""ob_swing"": 10, ""sl_buffer"": 25, ""min_rr"": 1.5}"
10,2024-02-01,2024-05-01,CHMF,2024-03-19 12:00:00+00:00,BUY,1719.0,1708.59748,1740.0,2.0,WIN_TP1,1.5703541065049662,"{""bias_swing"": 10, ""ob_swing"": 10, ""sl_buffer"": 25, ""min_rr"": 1.5}"
10,2024-02-01,2024-05-01,CHMF,2024-04-16 08:00:00+00:00,BUY,1828.80005,1814.19745,1867.2,2.6,WIN_TP1,2.2743812656650224,"{""bias_swing"": 10, ""ob_swing"": 10, ""sl_buffer"": 25, ""min_rr"": 1.5}"
10,2024-02-01,2024-05-01,CHMF,2024-04-17 08:00:00+00:00,BUY,1828.80005,1814.19745,1867.2,2.6,WIN_TP1,2.2743812656650224,"{""bias_swing"": 10, ""ob_swing"": 10, ""sl_buffer"": 25, ""min_rr"": 1.5}"
10,2024-02-01,2024-05-01,AFKS,2024-04-05 08:00:00+00:00,BUY,23.6,23.1255,24.876,2.7,WIN_TP1,2.5706849315068503,"{""bias_swing"": 10, ""ob_swing"": 10, ""sl_buffer"": 25, ""min_rr"": 1.5}"
10,2024-02-01,2024-05-01,POSI,2024-03-22 08:00:00+00:00,BUY,2658.0,2621.19745,2717.6,1.6,WIN_TP1,1.4122195337007892,"{""bias_swing"": 10, ""ob_swing"": 10, ""sl_buffer"": 25, ""min_rr"": 1.5}"
10,2024-02-01,2024-05-01,IRKT,2024-02-27 08:00:00+00:00,SELL,79.85,82.5025,74.8,1.9,WIN_TP1,1.8217304429783223,"{""bias_swing"": 10, ""ob_swing"": 10, ""sl_buffer"": 25, ""min_rr"": 1.5}"
10,2024-02-01,2024-05-01,IRKT,2024-02-28 08:00:00+00:00,SELL,79.85,82.5025,74.8,1.9,WIN_TP1,1.8217304429783223,"{""bias_swing"": 10, ""ob_swing"": 10, ""sl_buffer"": 25, ""min_rr"": 1.5}"
10,2024-02-01,2024-05-01,IRKT,2024-02-29 08:00:00+00:00,SELL,79.85,82.5025,74.8,1.9,WIN_TP1,1.8217304429783223,"{""bias_swing"": 10, ""ob_swing"": 10, ""sl_buffer"": 25, ""min_rr"": 1.5}"
10,2024-02-01,2024-05-01,IRKT,2024-04-11 08:00:00+00:00,SELL,74.5,75.4025,72.6,2.1,WIN_TP1,1.8853739612188374,"{""bias_swing"": 10, ""ob_swing"": 10, ""sl_buffer"": 25, ""min_rr"": 1.5}"
10,2024-02-01,2024-05-01,IRKT,2024-04-12 08:00:00+00:00,SELL,74.5,75.4025,72.6,2.1,WIN_TP1,1.8853739612188374,"{""bias_swing"": 10, ""ob_swing"": 10, ""sl_buffer"": 25, ""min_rr"": 1.5}"
10,2024-02-01,2024-05-01,MGNT,2024-04-25 08:00:00+00:00,BUY,8143.0,8099.9975,8300.0,3.7,WIN_TP1,3.2076611824893857,"{""bias_swing"": 10, ""ob_swing"": 10, ""sl_buffer"": 25, ""min_rr"": 1.5}"
10,2024-02-01,2024-05-01,MGNT,2024-04-26 08:00:00+00:00,BUY,8143.0,8099.9975,8280.0,3.2,WIN_TP1,2.7076611824893857,"{""bias_swing"": 10, ""ob_swing"": 10, ""sl_buffer"": 25, ""min_rr"": 1.5}"
10,2024-02-01,2024-05-01,MOEX,2024-04-04 12:00:00+00:00,BUY,227.86,226.5775,230.0,1.7,WIN_TP1,1.2380615984405556,"{""bias_swing"": 10, ""ob_swing"": 10, ""sl_buffer"": 25, ""min_rr"": 1.5}"
10,2024-02-01,2024-05-01,MOEX,2024-04-05 08:00:00+00:00,BUY,227.86,226.5775,230.0,1.7,WIN_TP1,1.2380615984405556,"{""bias_swing"": 10, ""ob_swing"": 10, ""sl_buffer"": 25, ""min_rr"": 1.5}"
10,2024-02-01,2024-05-01,MOEX,2024-04-25 08:00:00+00:00,BUY,225.32001,223.9975,230.0,3.5,WIN_TP1,3.057030172928747,"{""bias_swing"": 10, ""ob_swing"": 10, ""sl_buffer"": 25, ""min_rr"": 1.5}"
11,2024-03-01,2024-06-01,NVTK,2024-03-18 08:00:00+00:00,SELL,1400.0,1415.0025,1377.0,1.5,WIN_TP1,1.2573737710381612,"{""bias_swing"": 10, ""ob_swing"": 10, ""sl_buffer"": 25, ""min_rr"": 1.5}"
11,2024-03-01,2024-06-01,NVTK,2024-03-19 08:00:00+00:00,SELL,1400.0,1415.0025,1377.0,1.5,WIN_TP1,1.2573737710381612,"{""bias_swing"": 10, ""ob_swing"": 10, ""sl_buffer"": 25, ""min_rr"": 1.5}"
11,2024-03-01,2024-06-01,NVTK,2024-03-21 08:00:00+00:00,SELL,1371.0,1385.0025,1350.0,1.5,WIN_TP1,1.2454311730048215,"{""bias_swing"": 10, ""ob_swing"": 10, ""sl_buffer"": 25, ""min_rr"": 1.5}"
11,2024-03-01,2024-06-01,NVTK,2024-03-29 08:00:00+00:00,SELL,1318.59998,1329.0025,1303.4,1.5,WIN_TP1,1.1704298623795033,"{""bias_swing"": 10, ""ob_swing"": 10, ""sl_buffer"": 25, ""min_rr"": 1.5}"
11,2024-03-01,2024-06-01,NVTK,2024-04-01 08:00:00+00:00,SELL,1318.59998,1329.0025,1303.4,1.5,WIN_TP1,1.1704298623795033,"{""bias_swing"": 10, ""ob_swing"": 10, ""sl_buffer"": 25, ""min_rr"": 1.5}"
11,2024-03-01,2024-06-01,NVTK,2024-04-04 12:00:00+00:00,SELL,1318.59998,1329.0025,1303.4,1.5,WIN_TP1,1.1704298623795033,"{""bias_swing"": 10, ""ob_swing"": 10, ""sl_buffer"": 25, ""min_rr"": 1.5}"
11,2024-03-01,2024-06-01,OZON,2024-05-03 08:00:00+00:00,BUY,4297.0,4236.9975,4404.0,1.8,WIN_TP1,1.6138044248156316,"{""bias_swing"": 10, ""ob_swing"": 10, ""sl_buffer"": 25, ""min_rr"": 1.5}"
11,2024-03-01,2024-06-01,VKCO,2024-05-03 08:00:00+00:00,SELL,584.59998,591.60248,573.2,1.6,WIN_TP1,1.3829403858621938,"{""bias_swing"": 10, ""ob_swing"": 10, ""sl_buffer"": 25, ""min_rr"": 1.5}"
11,2024-03-01,2024-06-01,VKCO,2024-05-08 08:00:00+00:00,SELL,584.59998,591.60248,573.2,1.6,WIN_TP1,1.3829403858621938,"{""bias_swing"": 10, ""ob_swing"": 10, ""sl_buffer"": 25, ""min_rr"": 1.5}"
11,2024-03-01,2024-06-01,SNGSP,2024-05-02 08:00:00+00:00,BUY,67.325,66.8075,68.105,1.5,WIN_TP1,1.1617487922705303,"{""bias_swing"": 10, ""ob_swing"": 10, ""sl_buffer"": 25, ""min_rr"": 1.5}"
11,2024-03-01,2024-06-01,SNGSP,2024-05-03 08:00:00+00:00,BUY,67.325,66.8075,68.105,1.5,WIN_TP1,1.1617487922705303,"{""bias_swing"": 10, ""ob_swing"": 10, ""sl_buffer"": 25, ""min_rr"": 1.5}"
11,2024-03-01,2024-06-01,CHMF,2024-03-19 12:00:00+00:00,BUY,1719.0,1708.59748,1740.0,2.0,WIN_TP1,1.5703541065049662,"{""bias_swing"": 10, ""ob_swing"": 10, ""sl_buffer"": 25, ""min_rr"": 1.5}"
11,2024-03-01,2024-06-01,CHMF,2024-04-16 08:00:00+00:00,BUY,1828.80005,1814.19745,1867.2,2.6,WIN_TP1,2.2743812656650224,"{""bias_swing"": 10, ""ob_swing"": 10, ""sl_buffer"": 25, ""min_rr"": 1.5}"
11,2024-03-01,2024-06-01,CHMF,2024-04-17 08:00:00+00:00,BUY,1828.80005,1814.19745,1867.2,2.6,WIN_TP1,2.2743812656650224,"{""bias_swing"": 10, ""ob_swing"": 10, ""sl_buffer"": 25, ""min_rr"": 1.5}"
11,2024-03-01,2024-06-01,AFKS,2024-04-05 08:00:00+00:00,BUY,23.6,23.1255,24.876,2.7,WIN_TP1,2.5706849315068503,"{""bias_swing"": 10, ""ob_swing"": 10, ""sl_buffer"": 25, ""min_rr"": 1.5}"
11,2024-03-01,2024-06-01,POSI,2024-03-22 08:00:00+00:00,BUY,2658.0,2621.19745,2717.6,1.6,WIN_TP1,1.4122195337007892,"{""bias_swing"": 10, ""ob_swing"": 10, ""sl_buffer"": 25, ""min_rr"": 1.5}"
11,2024-03-01,2024-06-01,RUAL,2024-05-08 08:00:00+00:00,BUY,42.35,42.0025,42.9,1.6,WIN_TP1,1.2831366906474855,"{""bias_swing"": 10, ""ob_swing"": 10, ""sl_buffer"": 25, ""min_rr"": 1.5}"
11,2024-03-01,2024-06-01,IRKT,2024-04-11 08:00:00+00:00,SELL,74.5,75.4025,72.6,2.1,WIN_TP1,1.8853739612188374,"{""bias_swing"": 10, ""ob_swing"": 10, ""sl_buffer"": 25, ""min_rr"": 1.5}"
11,2024-03-01,2024-06-01,IRKT,2024-04-12 08:00:00+00:00,SELL,74.5,75.4025,72.6,2.1,WIN_TP1,1.8853739612188374,"{""bias_swing"": 10, ""ob_swing"": 10, ""sl_buffer"": 25, ""min_rr"": 1.5}"
11,2024-03-01,2024-06-01,MGNT,2024-04-25 08:00:00+00:00,BUY,8143.0,8099.9975,8300.0,3.7,WIN_TP1,3.2076611824893857,"{""bias_swing"": 10, ""ob_swing"": 10, ""sl_buffer"": 25, ""min_rr"": 1.5}"
11,2024-03-01,2024-06-01,MGNT,2024-04-26 08:00:00+00:00,BUY,8143.0,8099.9975,8280.0,3.2,WIN_TP1,2.7076611824893857,"{""bias_swing"": 10, ""ob_swing"": 10, ""sl_buffer"": 25, ""min_rr"": 1.5}"
11,2024-03-01,2024-06-01,MOEX,2024-04-04 12:00:00+00:00,BUY,227.86,226.5775,230.0,1.7,WIN_TP1,1.2380615984405556,"{""bias_swing"": 10, ""ob_swing"": 10, ""sl_buffer"": 25, ""min_rr"": 1.5}"
11,2024-03-01,2024-06-01,MOEX,2024-04-05 08:00:00+00:00,BUY,227.86,226.5775,230.0,1.7,WIN_TP1,1.2380615984405556,"{""bias_swing"": 10, ""ob_swing"": 10, ""sl_buffer"": 25, ""min_rr"": 1.5}"
11,2024-03-01,2024-06-01,MOEX,2024-04-25 08:00:00+00:00,BUY,225.32001,223.9975,230.0,3.5,WIN_TP1,3.057030172928747,"{""bias_swing"": 10, ""ob_swing"": 10, ""sl_buffer"": 25, ""min_rr"": 1.5}"
12,2024-04-01,2024-07-01,ENPG,2024-06-20 12:00:00+00:00,SELL,449.25,453.60251,442.2,1.6,WIN_TP1,1.3316376068061875,"{""bias_swing"": 10, ""ob_swing"": 10, ""sl_buffer"": 25, ""min_rr"": 1.5}"
12,2024-04-01,2024-07-01,NVTK,2024-04-04 12:00:00+00:00,SELL,1318.59998,1329.0025,1303.4,1.5,WIN_TP1,1.1704298623795033,"{""bias_swing"": 10, ""ob_swing"": 10, ""sl_buffer"": 25, ""min_rr"": 1.5}"
12,2024-04-01,2024-07-01,OZON,2024-05-03 08:00:00+00:00,BUY,4297.0,4236.9975,4404.0,1.8,WIN_TP1,1.6138044248156316,"{""bias_swing"": 10, ""ob_swing"": 10, ""sl_buffer"": 25, ""min_rr"": 1.5}"
12,2024-04-01,2024-07-01,FLOT,2024-06-06 08:00:00+00:00,BUY,125.5,123.9975,128.4,1.9,WIN_TP1,1.6828286189683856,"{""bias_swing"": 10, ""ob_swing"": 10, ""sl_buffer"": 25, ""min_rr"": 1.5}"
12,2024-04-01,2024-07-01,FLOT,2024-06-07 08:00:00+00:00,BUY,125.5,123.9975,128.4,1.9,WIN_TP1,1.6828286189683856,"{""bias_swing"": 10, ""ob_swing"": 10, ""sl_buffer"": 25, ""min_rr"": 1.5}"
12,2024-04-01,2024-07-01,VKCO,2024-05-03 08:00:00+00:00,SELL,584.59998,591.60248,573.2,1.6,WIN_TP1,1.3829403858621938,"{""bias_swing"": 10, ""ob_swing"": 10, ""sl_buffer"": 25, ""min_rr"": 1.5}"
12,2024-04-01,2024-07-01,VKCO,2024-05-08 08:00:00+00:00,SELL,584.59998,591.60248,573.2,1.6,WIN_TP1,1.3829403858621938,"{""bias_swing"": 10, ""ob_swing"": 10, ""sl_buffer"": 25, ""min_rr"": 1.5}"
12,2024-04-01,2024-07-01,SNGSP,2024-05-02 08:00:00+00:00,BUY,67.325,66.8075,68.105,1.5,WIN_TP1,1.1617487922705303,"{""bias_swing"": 10, ""ob_swing"": 10, ""sl_buffer"": 25, ""min_rr"": 1.5}"
12,2024-04-01,2024-07-01,SNGSP,2024-05-03 08:00:00+00:00,BUY,67.325,66.8075,68.105,1.5,WIN_TP1,1.1617487922705303,"{""bias_swing"": 10, ""ob_swing"": 10, ""sl_buffer"": 25, ""min_rr"": 1.5}"
12,2024-04-01,2024-07-01,CHMF,2024-04-16 08:00:00+00:00,BUY,1828.80005,1814.19745,1867.2,2.6,WIN_TP1,2.2743812656650224,"{""bias_swing"": 10, ""ob_swing"": 10, ""sl_buffer"": 25, ""min_rr"": 1.5}"
12,2024-04-01,2024-07-01,CHMF,2024-04-17 08:00:00+00:00,BUY,1828.80005,1814.19745,1867.2,2.6,WIN_TP1,2.2743812656650224,"{""bias_swing"": 10, ""ob_swing"": 10, ""sl_buffer"": 25, ""min_rr"": 1.5}"
12,2024-04-01,2024-07-01,PHOR,2024-05-30 08:00:00+00:00,SELL,6097.0,6199.0025,5891.0,2.0,WIN_TP1,1.8445900835763824,"{""bias_swing"": 10, ""ob_swing"": 10, ""sl_buffer"": 25, ""min_rr"": 1.5}"
12,2024-04-01,2024-07-01,PHOR,2024-06-10 08:00:00+00:00,SELL,6038.0,6086.0025,5805.0,4.9,WIN_TP1,4.572958700067702,"{""bias_swing"": 10, ""ob_swing"": 10, ""sl_buffer"": 25, ""min_rr"": 1.5}"
12,2024-04-01,2024-07-01,AFKS,2024-04-05 08:00:00+00:00,BUY,23.6,23.1255,24.876,2.7,WIN_TP1,2.5706849315068503,"{""bias_swing"": 10, ""ob_swing"": 10, ""sl_buffer"": 25, ""min_rr"": 1.5}"
12,2024-04-01,2024-07-01,RUAL,2024-05-08 08:00:00+00:00,BUY,42.35,42.0025,42.9,1.6,WIN_TP1,1.2831366906474855,"{""bias_swing"": 10, ""ob_swing"": 10, ""sl_buffer"": 25, ""min_rr"": 1.5}"
12,2024-04-01,2024-07-01,IRKT,2024-04-11 08:00:00+00:00,SELL,74.5,75.4025,72.6,2.1,WIN_TP1,1.8853739612188374,"{""bias_swing"": 10, ""ob_swing"": 10, ""sl_buffer"": 25, ""min_rr"": 1.5}"
12,2024-04-01,2024-07-01,IRKT,2024-04-12 08:00:00+00:00,SELL,74.5,75.4025,72.6,2.1,WIN_TP1,1.8853739612188374,"{""bias_swing"": 10, ""ob_swing"": 10, ""sl_buffer"": 25, ""min_rr"": 1.5}"
12,2024-04-01,2024-07-01,MGNT,2024-04-25 08:00:00+00:00,BUY,8143.0,8099.9975,8300.0,3.7,WIN_TP1,3.2076611824893857,"{""bias_swing"": 10, ""ob_swing"": 10, ""sl_buffer"": 25, ""min_rr"": 1.5}"
12,2024-04-01,2024-07-01,MGNT,2024-04-26 08:00:00+00:00,BUY,8143.0,8099.9975,8280.0,3.2,WIN_TP1,2.7076611824893857,"{""bias_swing"": 10, ""ob_swing"": 10, ""sl_buffer"": 25, ""min_rr"": 1.5}"
12,2024-04-01,2024-07-01,MGNT,2024-06-21 08:00:00+00:00,SELL,6530.0,6596.5025,6334.0,2.9,WIN_TP1,2.6447013270177795,"{""bias_swing"": 10, ""ob_swing"": 10, ""sl_buffer"": 25, ""min_rr"": 1.5}"
12,2024-04-01,2024-07-01,MOEX,2024-04-04 12:00:00+00:00,BUY,227.86,226.5775,230.0,1.7,WIN_TP1,1.2380615984405556,"{""bias_swing"": 10, ""ob_swing"": 10, ""sl_buffer"": 25, ""min_rr"": 1.5}"
12,2024-04-01,2024-07-01,MOEX,2024-04-05 08:00:00+00:00,BUY,227.86,226.5775,230.0,1.7,WIN_TP1,1.2380615984405556,"{""bias_swing"": 10, ""ob_swing"": 10, ""sl_buffer"": 25, ""min_rr"": 1.5}"
12,2024-04-01,2024-07-01,MOEX,2024-04-25 08:00:00+00:00,BUY,225.32001,223.9975,230.0,3.5,WIN_TP1,3.057030172928747,"{""bias_swing"": 10, ""ob_swing"": 10, ""sl_buffer"": 25, ""min_rr"": 1.5}"
13,2024-05-01,2024-08-01,ENPG,2024-06-20 12:00:00+00:00,SELL,449.25,453.60251,442.2,1.6,WIN_TP1,1.3316376068061875,"{""bias_swing"": 10, ""ob_swing"": 10, ""sl_buffer"": 25, ""min_rr"": 1.5}"
13,2024-05-01,2024-08-01,OZON,2024-05-03 08:00:00+00:00,BUY,4297.0,4236.9975,4404.0,1.8,WIN_TP1,1.6138044248156316,"{""bias_swing"": 10, ""ob_swing"": 10, ""sl_buffer"": 25, ""min_rr"": 1.5}"
13,2024-05-01,2024-08-01,OZON,2024-07-10 08:00:00+00:00,BUY,3745.5,3682.4975,3907.5,2.6,LOSS,-1.1545700567437798,"{""bias_swing"": 10, ""ob_swing"": 10, ""sl_buffer"": 25, ""min_rr"": 1.5}"
13,2024-05-01,2024-08-01,VKCO,2024-05-03 08:00:00+00:00,SELL,584.59998,591.60248,573.2,1.6,WIN_TP1,1.3829403858621938,"{""bias_swing"": 10, ""ob_swing"": 10, ""sl_buffer"": 25, ""min_rr"": 1.5}"
13,2024-05-01,2024-08-01,VKCO,2024-05-08 08:00:00+00:00,SELL,584.59998,591.60248,573.2,1.6,WIN_TP1,1.3829403858621938,"{""bias_swing"": 10, ""ob_swing"": 10, ""sl_buffer"": 25, ""min_rr"": 1.5}"
13,2024-05-01,2024-08-01,SNGSP,2024-05-02 08:00:00+00:00,BUY,67.325,66.8075,68.105,1.5,WIN_TP1,1.1617487922705303,"{""bias_swing"": 10, ""ob_swing"": 10, ""sl_buffer"": 25, ""min_rr"": 1.5}"
13,2024-05-01,2024-08-01,SNGSP,2024-05-03 08:00:00+00:00,BUY,67.325,66.8075,68.105,1.5,WIN_TP1,1.1617487922705303,"{""bias_swing"": 10, ""ob_swing"": 10, ""sl_buffer"": 25, ""min_rr"": 1.5}"
13,2024-05-01,2024-08-01,SNGSP,2024-07-09 08:00:00+00:00,BUY,63.9,63.2275,66.0,3.1,LOSS,-1.2470483271375468,"{""bias_swing"": 10, ""ob_swing"": 10, ""sl_buffer"": 25, ""min_rr"": 1.5}"
13,2024-05-01,2024-08-01,SNGSP,2024-07-17 08:00:00+00:00,BUY,59.645,58.1975,61.795,1.5,LOSS,-1.107134369602763,"{""bias_swing"": 10, ""ob_swing"": 10, ""sl_buffer"": 25, ""min_rr"": 1.5}"
13,2024-05-01,2024-08-01,PHOR,2024-05-30 08:00:00+00:00,SELL,6097.0,6199.0025,5891.0,2.0,WIN_TP1,1.8445900835763824,"{""bias_swing"": 10, ""ob_swing"": 10, ""sl_buffer"": 25, ""min_rr"": 1.5}"
13,2024-05-01,2024-08-01,PHOR,2024-06-10 08:00:00+00:00,SELL,6038.0,6086.0025,5805.0,4.9,WIN_TP1,4.572958700067702,"{""bias_swing"": 10, ""ob_swing"": 10, ""sl_buffer"": 25, ""min_rr"": 1.5}"
13,2024-05-01,2024-08-01,RUAL,2024-05-08 08:00:00+00:00,BUY,42.35,42.0025,42.9,1.6,WIN_TP1,1.2831366906474855,"{""bias_swing"": 10, ""ob_swing"": 10, ""sl_buffer"": 25, ""min_rr"": 1.5}"
13,2024-05-01,2024-08-01,MGNT,2024-06-21 08:00:00+00:00,SELL,6530.0,6596.5025,6334.0,2.9,WIN_TP1,2.6447013270177795,"{""bias_swing"": 10, ""ob_swing"": 10, ""sl_buffer"": 25, ""min_rr"": 1.5}"
14,2024-06-01,2024-09-01,ENPG,2024-06-20 12:00:00+00:00,SELL,449.25,453.60251,442.2,1.6,WIN_TP1,1.3316376068061875,"{""bias_swing"": 10, ""ob_swing"": 10, ""sl_buffer"": 25, ""min_rr"": 1.5}"
14,2024-06-01,2024-09-01,OZON,2024-07-10 08:00:00+00:00,BUY,3745.5,3682.4975,3907.5,2.6,LOSS,-1.1545700567437798,"{""bias_swing"": 10, ""ob_swing"": 10, ""sl_buffer"": 25, ""min_rr"": 1.5}"
14,2024-06-01,2024-09-01,OZON,2024-08-23 12:00:00+00:00,BUY,3255.0,3221.4975,3400.0,4.3,LOSS,-1.2526080143272886,"{""bias_swing"": 10, ""ob_swing"": 10, ""sl_buffer"": 25, ""min_rr"": 1.5}"
14,2024-06-01,2024-09-01,SNGSP,2024-07-09 08:00:00+00:00,BUY,63.9,63.2275,66.0,3.1,LOSS,-1.2470483271375468,"{""bias_swing"": 10, ""ob_swing"": 10, ""sl_buffer"": 25, ""min_rr"": 1.5}"
14,2024-06-01,2024-09-01,SNGSP,2024-07-17 08:00:00+00:00,BUY,59.645,58.1975,61.795,1.5,LOSS,-1.107134369602763,"{""bias_swing"": 10, ""ob_swing"": 10, ""sl_buffer"": 25, ""min_rr"": 1.5}"
14,2024-06-01,2024-09-01,PHOR,2024-06-10 08:00:00+00:00,SELL,6038.0,6086.0025,5805.0,4.9,WIN_TP1,4.572958700067702,"{""bias_swing"": 10, ""ob_swing"": 10, ""sl_buffer"": 25, ""min_rr"": 1.5}"
14,2024-06-01,2024-09-01,NLMK,2024-08-27 08:00:00+00:00,SELL,146.5,149.0025,138.68,3.1,WIN_TP1,2.9477922077922076,"{""bias_swing"": 10, ""ob_swing"": 10, ""sl_buffer"": 25, ""min_rr"": 1.5}"
14,2024-06-01,2024-09-01,POSI,2024-08-20 12:00:00+00:00,BUY,2658.0,2621.19745,2717.6,1.6,LOSS,-1.1877804662992109,"{""bias_swing"": 10, ""ob_swing"": 10, ""sl_buffer"": 25, ""min_rr"": 1.5}"
14,2024-06-01,2024-09-01,RUAL,2024-08-05 08:00:00+00:00,BUY,33.33,33.0025,35.075,5.3,WIN_TP1,5.035395419847329,"{""bias_swing"": 10, ""ob_swing"": 10, ""sl_buffer"": 25, ""min_rr"": 1.5}"
14,2024-06-01,2024-09-01,SNGS,2024-08-29 08:00:00+00:00,SELL,24.15,24.5525,23.525,1.6,WIN_TP1,1.444,"{""bias_swing"": 10, ""ob_swing"": 10, ""sl_buffer"": 25, ""min_rr"": 1.5}"
14,2024-06-01,2024-09-01,MGNT,2024-06-21 08:00:00+00:00,SELL,6530.0,6596.5025,6334.0,2.9,WIN_TP1,2.6447013270177795,"{""bias_swing"": 10, ""ob_swing"": 10, ""sl_buffer"": 25, ""min_rr"": 1.5}"
14,2024-06-01,2024-09-01,MGNT,2024-08-27 08:00:00+00:00,SELL,5137.0,5206.5025,4901.5,3.4,WIN_TP1,3.207831372972194,"{""bias_swing"": 10, ""ob_swing"": 10, ""sl_buffer"": 25, ""min_rr"": 1.5}"
15,2024-07-01,2024-10-01,ENPG,2024-09-30 08:00:00+00:00,SELL,349.04999,353.0025,336.05,3.3,WIN_TP1,3.0703914793384466,"{""bias_swing"": 10, ""ob_swing"": 10, ""sl_buffer"": 25, ""min_rr"": 1.5}"
15,2024-07-01,2024-10-01,OZON,2024-09-25 08:00:00+00:00,SELL,3425.0,3513.0025,3261.5,1.9,WIN_TP1,1.7988096929064514,"{""bias_swing"": 10, ""ob_swing"": 10, ""sl_buffer"": 25, ""min_rr"": 1.5}"
15,2024-07-01,2024-10-01,PHOR,2024-10-01 08:00:00+00:00,SELL,5595.0,5644.0025,5455.0,2.9,EXPIRED,,"{""bias_swing"": 10, ""ob_swing"": 10, ""sl_buffer"": 25, ""min_rr"": 1.5}"
15,2024-07-01,2024-10-01,FESH,2024-09-23 08:00:00+00:00,SELL,51.75,52.4025,50.32,2.2,WIN_TP1,1.9937931034482772,"{""bias_swing"": 10, ""ob_swing"": 10, ""sl_buffer"": 25, ""min_rr"": 1.5}"
15,2024-07-01,2024-10-01,FESH,2024-09-30 08:00:00+00:00,SELL,51.75,52.4025,50.32,2.2,WIN_TP1,1.9937931034482772,"{""bias_swing"": 10, ""ob_swing"": 10, ""sl_buffer"": 25, ""min_rr"": 1.5}"
15,2024-07-01,2024-10-01,POSI,2024-09-24 08:00:00+00:00,SELL,2752.19995,2799.0025,2682.0,1.5,WIN_TP1,1.3471083334134568,"{""bias_swing"": 10, ""ob_swing"": 10, ""sl_buffer"": 25, ""min_rr"": 1.5}"
15,2024-07-01,2024-10-01,POSI,2024-09-25 08:00:00+00:00,SELL,2752.19995,2799.0025,2682.0,1.5,WIN_TP1,1.3471083334134568,"{""bias_swing"": 10, ""ob_swing"": 10, ""sl_buffer"": 25, ""min_rr"": 1.5}"
15,2024-07-01,2024-10-01,RUAL,2024-09-30 08:00:00+00:00,SELL,35.3,35.8025,34.435,1.7,WIN_TP1,1.5173532338308475,"{""bias_swing"": 10, ""ob_swing"": 10, ""sl_buffer"": 25, ""min_rr"": 1.5}"
15,2024-07-01,2024-10-01,SNGS,2024-08-29 08:00:00+00:00,SELL,24.15,24.5525,23.525,1.6,WIN_TP1,1.444,"{""bias_swing"": 10, ""ob_swing"": 10, ""sl_buffer"": 25, ""min_rr"": 1.5}"
15,2024-07-01,2024-10-01,SNGS,2024-09-09 12:00:00+00:00,SELL,24.15,24.5525,23.525,1.6,WIN_TP1,1.444,"{""bias_swing"": 10, ""ob_swing"": 10, ""sl_buffer"": 25, ""min_rr"": 1.5}"
15,2024-07-01,2024-10-01,SNGS,2024-09-10 08:00:00+00:00,SELL,24.15,24.5525,23.525,1.6,WIN_TP1,1.444,"{""bias_swing"": 10, ""ob_swing"": 10, ""sl_buffer"": 25, ""min_rr"": 1.5}"
15,2024-07-01,2024-10-01,MGNT,2024-08-27 08:00:00+00:00,SELL,5137.0,5206.5025,4901.5,3.4,WIN_TP1,3.207831372972194,"{""bias_swing"": 10, ""ob_swing"": 10, ""sl_buffer"": 25, ""min_rr"": 1.5}"
16,2024-08-01,2024-11-01,ENPG,2024-09-30 08:00:00+00:00,SELL,349.04999,353.0025,336.05,3.3,WIN_TP1,3.0703914793384466,"{""bias_swing"": 10, ""ob_swing"": 10, ""sl_buffer"": 25, ""min_rr"": 1.5}"
16,2024-08-01,2024-11-01,ENPG,2024-10-16 08:00:00+00:00,SELL,349.04999,353.0025,336.05,3.3,WIN_TP1,3.0703914793384466,"{""bias_swing"": 10, ""ob_swing"": 10, ""sl_buffer"": 25, ""min_rr"": 1.5}"
16,2024-08-01,2024-11-01,OZON,2024-09-25 08:00:00+00:00,SELL,3425.0,3513.0025,3261.5,1.9,WIN_TP1,1.7988096929064514,"{""bias_swing"": 10, ""ob_swing"": 10, ""sl_buffer"": 25, ""min_rr"": 1.5}"
16,2024-08-01,2024-11-01,PHOR,2024-10-01 08:00:00+00:00,SELL,5595.0,5644.0025,5455.0,2.9,WIN_TP1,2.6031375950206597,"{""bias_swing"": 10, ""ob_swing"": 10, ""sl_buffer"": 25, ""min_rr"": 1.5}"
16,2024-08-01,2024-11-01,AFKS,2024-10-14 12:00:00+00:00,SELL,15.57,15.8395,15.14,1.6,WIN_TP1,1.4497884972170683,"{""bias_swing"": 10, ""ob_swing"": 10, ""sl_buffer"": 25, ""min_rr"": 1.5}"
16,2024-08-01,2024-11-01,AFKS,2024-10-15 08:00:00+00:00,SELL,15.57,15.8395,15.14,1.6,WIN_TP1,1.4497884972170683,"{""bias_swing"": 10, ""ob_swing"": 10, ""sl_buffer"": 25, ""min_rr"": 1.5}"
16,2024-08-01,2024-11-01,AFKS,2024-10-16 08:00:00+00:00,SELL,15.57,15.8395,15.14,1.6,WIN_TP1,1.4497884972170683,"{""bias_swing"": 10, ""ob_swing"": 10, ""sl_buffer"": 25, ""min_rr"": 1.5}"
16,2024-08-01,2024-11-01,FESH,2024-09-23 08:00:00+00:00,SELL,51.75,52.4025,50.32,2.2,WIN_TP1,1.9937931034482772,"{""bias_swing"": 10, ""ob_swing"": 10, ""sl_buffer"": 25, ""min_rr"": 1.5}"
16,2024-08-01,2024-11-01,FESH,2024-09-30 08:00:00+00:00,SELL,51.75,52.4025,50.32,2.2,WIN_TP1,1.9937931034482772,"{""bias_swing"": 10, ""ob_swing"": 10, ""sl_buffer"": 25, ""min_rr"": 1.5}"
16,2024-08-01,2024-11-01,POSI,2024-09-24 08:00:00+00:00,SELL,2752.19995,2799.0025,2682.0,1.5,WIN_TP1,1.3471083334134568,"{""bias_swing"": 10, ""ob_swing"": 10, ""sl_buffer"": 25, ""min_rr"": 1.5}"
16,2024-08-01,2024-11-01,POSI,2024-09-25 08:00:00+00:00,SELL,2752.19995,2799.0025,2682.0,1.5,WIN_TP1,1.3471083334134568,"{""bias_swing"": 10, ""ob_swing"": 10, ""sl_buffer"": 25, ""min_rr"": 1.5}"
16,2024-08-01,2024-11-01,MAGN,2024-10-15 08:00:00+00:00,SELL,44.1,44.8125,42.725,1.9,WIN_TP1,1.7390736842105259,"{""bias_swing"": 10, ""ob_swing"": 10, ""sl_buffer"": 25, ""min_rr"": 1.5}"
16,2024-08-01,2024-11-01,MAGN,2024-10-16 08:00:00+00:00,SELL,44.1,44.8125,42.725,1.9,WIN_TP1,1.7390736842105259,"{""bias_swing"": 10, ""ob_swing"": 10, ""sl_buffer"": 25, ""min_rr"": 1.5}"
16,2024-08-01,2024-11-01,RUAL,2024-09-30 08:00:00+00:00,SELL,35.3,35.8025,34.31,2.0,WIN_TP1,1.8173532338308476,"{""bias_swing"": 10, ""ob_swing"": 10, ""sl_buffer"": 25, ""min_rr"": 1.5}"
16,2024-08-01,2024-11-01,RUAL,2024-10-23 08:00:00+00:00,SELL,35.3,35.8025,34.09,2.4,WIN_TP1,2.2173532338308473,"{""bias_swing"": 10, ""ob_swing"": 10, ""sl_buffer"": 25, ""min_rr"": 1.5}"
16,2024-08-01,2024-11-01,RUAL,2024-10-30 12:00:00+00:00,SELL,35.3,35.8025,34.09,2.4,EXPIRED,,"{""bias_swing"": 10, ""ob_swing"": 10, ""sl_buffer"": 25, ""min_rr"": 1.5}"
16,2024-08-01,2024-11-01,SNGS,2024-08-29 08:00:00+00:00,SELL,24.15,24.5525,23.525,1.6,WIN_TP1,1.444,"{""bias_swing"": 10, ""ob_swing"": 10, ""sl_buffer"": 25, ""min_rr"": 1.5}"
16,2024-08-01,2024-11-01,SNGS,2024-09-09 12:00:00+00:00,SELL,24.15,24.5525,23.525,1.6,WIN_TP1,1.444,"{""bias_swing"": 10, ""ob_swing"": 10, ""sl_buffer"": 25, ""min_rr"": 1.5}"
16,2024-08-01,2024-11-01,SNGS,2024-09-10 08:00:00+00:00,SELL,24.15,24.5525,23.525,1.6,WIN_TP1,1.444,"{""bias_swing"": 10, ""ob_swing"": 10, ""sl_buffer"": 25, ""min_rr"": 1.5}"
16,2024-08-01,2024-11-01,SNGS,2024-10-16 08:00:00+00:00,SELL,26.22,26.4775,25.61,2.4,WIN_TP1,2.135254368932039,"{""bias_swing"": 10, ""ob_swing"": 10, ""sl_buffer"": 25, ""min_rr"": 1.5}"
16,2024-08-01,2024-11-01,MGNT,2024-08-27 08:00:00+00:00,SELL,5137.0,5206.5025,4901.5,3.4,WIN_TP1,3.207831372972194,"{""bias_swing"": 10, ""ob_swing"": 10, ""sl_buffer"": 25, ""min_rr"": 1.5}"
17,2024-09-01,2024-12-01,ENPG,2024-09-30 08:00:00+00:00,SELL,349.04999,353.0025,336.05,3.3,WIN_TP1,3.0703914793384466,"{""bias_swing"": 10, ""ob_swing"": 10, ""sl_buffer"": 25, ""min_rr"": 1.5}"
17,2024-09-01,2024-12-01,ENPG,2024-10-16 08:00:00+00:00,SELL,349.04999,353.0025,336.05,3.3,WIN_TP1,3.0703914793384466,"{""bias_swing"": 10, ""ob_swing"": 10, ""sl_buffer"": 25, ""min_rr"": 1.5}"
17,2024-09-01,2024-12-01,OZON,2024-09-25 08:00:00+00:00,SELL,3425.0,3513.0025,3261.5,1.9,WIN_TP1,1.7988096929064514,"{""bias_swing"": 10, ""ob_swing"": 10, ""sl_buffer"": 25, ""min_rr"": 1.5}"
17,2024-09-01,2024-12-01,OZON,2024-11-18 12:00:00+00:00,SELL,3425.0,3513.0025,3261.5,1.9,WIN_TP1,1.7988096929064514,"{""bias_swing"": 10, ""ob_swing"": 10, ""sl_buffer"": 25, ""min_rr"": 1.5}"
17,2024-09-01,2024-12-01,VKCO,2024-11-15 12:00:00+00:00,SELL,312.79999,317.0025,305.4,1.8,WIN_TP1,1.6064775636464883,"{""bias_swing"": 10, ""ob_swing"": 10, ""sl_buffer"": 25, ""min_rr"": 1.5}"
17,2024-09-01,2024-12-01,VKCO,2024-11-18 08:00:00+00:00,SELL,312.79999,317.0025,305.4,1.8,WIN_TP1,1.6064775636464883,"{""bias_swing"": 10, ""ob_swing"": 10, ""sl_buffer"": 25, ""min_rr"": 1.5}"
17,2024-09-01,2024-12-01,SNGSP,2024-11-08 08:00:00+00:00,SELL,57.155,58.1475,55.51,1.7,WIN_TP1,1.5502740554156171,"{""bias_swing"": 10, ""ob_swing"": 10, ""sl_buffer"": 25, ""min_rr"": 1.5}"
17,2024-09-01,2024-12-01,SNGSP,2024-11-15 08:00:00+00:00,SELL,57.155,58.1475,55.51,1.7,LOSS,-1.1497259445843828,"{""bias_swing"": 10, ""ob_swing"": 10, ""sl_buffer"": 25, ""min_rr"": 1.5}"
17,2024-09-01,2024-12-01,CHMF,2024-11-15 12:00:00+00:00,SELL,1230.40002,1237.80255,1207.6,3.1,WIN_TP1,2.6678450405469523,"{""bias_swing"": 10, ""ob_swing"": 10, ""sl_buffer"": 25, ""min_rr"": 1.5}"
17,2024-09-01,2024-12-01,PHOR,2024-10-01 08:00:00+00:00,SELL,5595.0,5644.0025,5455.0,2.9,WIN_TP1,2.6031375950206597,"{""bias_swing"": 10, ""ob_swing"": 10, ""sl_buffer"": 25, ""min_rr"": 1.5}"
17,2024-09-01,2024-12-01,AFKS,2024-10-14 12:00:00+00:00,SELL,15.57,15.8395,15.14,1.6,WIN_TP1,1.4497884972170683,"{""bias_swing"": 10, ""ob_swing"": 10, ""sl_buffer"": 25, ""min_rr"": 1.5}"
17,2024-09-01,2024-12-01,AFKS,2024-10-15 08:00:00+00:00,SELL,15.57,15.8395,15.14,1.6,WIN_TP1,1.4497884972170683,"{""bias_swing"": 10, ""ob_swing"": 10, ""sl_buffer"": 25, ""min_rr"": 1.5}"
17,2024-09-01,2024-12-01,AFKS,2024-10-16 08:00:00+00:00,SELL,15.57,15.8395,15.14,1.6,WIN_TP1,1.4497884972170683,"{""bias_swing"": 10, ""ob_swing"": 10, ""sl_buffer"": 25, ""min_rr"": 1.5}"
17,2024-09-01,2024-12-01,AFKS,2024-11-18 08:00:00+00:00,SELL,14.355,14.6255,13.85,1.9,WIN_TP1,1.762022181146026,"{""bias_swing"": 10, ""ob_swing"": 10, ""sl_buffer"": 25, ""min_rr"": 1.5}"
17,2024-09-01,2024-12-01,FESH,2024-09-23 08:00:00+00:00,SELL,51.75,52.4025,50.32,2.2,WIN_TP1,1.9937931034482772,"{""bias_swing"": 10, ""ob_swing"": 10, ""sl_buffer"": 25, ""min_rr"": 1.5}"
17,2024-09-01,2024-12-01,FESH,2024-09-30 08:00:00+00:00,SELL,51.75,52.4025,50.32,2.2,WIN_TP1,1.9937931034482772,"{""bias_swing"": 10, ""ob_swing"": 10, ""sl_buffer"": 25, ""min_rr"": 1.5}"
17,2024-09-01,2024-12-01,POSI,2024-09-24 08:00:00+00:00,SELL,2752.19995,2799.0025,2682.0,1.5,WIN_TP1,1.3471083334134568,"{""bias_swing"": 10, ""ob_swing"": 10, ""sl_buffer"": 25, ""min_rr"": 1.5}"
17,2024-09-01,2024-12-01,POSI,2024-09-25 08:00:00+00:00,SELL,2752.19995,2799.0025,2682.0,1.5,WIN_TP1,1.3471083334134568,"{""bias_swing"": 10, ""ob_swing"": 10, ""sl_buffer"": 25, ""min_rr"": 1.5}"
17,2024-09-01,2024-12-01,MAGN,2024-10-15 08:00:00+00:00,SELL,44.1,44.8125,42.725,1.9,WIN_TP1,1.7390736842105259,"{""bias_swing"": 10, ""ob_swing"": 10, ""sl_buffer"": 25, ""min_rr"": 1.5}"
17,2024-09-01,2024-12-01,MAGN,2024-10-16 08:00:00+00:00,SELL,44.1,44.8125,42.725,1.9,WIN_TP1,1.7390736842105259,"{""bias_swing"": 10, ""ob_swing"": 10, ""sl_buffer"": 25, ""min_rr"": 1.5}"
17,2024-09-01,2024-12-01,RUAL,2024-09-30 08:00:00+00:00,SELL,35.3,35.8025,34.31,2.0,WIN_TP1,1.8173532338308476,"{""bias_swing"": 10, ""ob_swing"": 10, ""sl_buffer"": 25, ""min_rr"": 1.5}"
17,2024-09-01,2024-12-01,RUAL,2024-10-23 08:00:00+00:00,SELL,35.3,35.8025,34.09,2.4,WIN_TP1,2.2173532338308473,"{""bias_swing"": 10, ""ob_swing"": 10, ""sl_buffer"": 25, ""min_rr"": 1.5}"
17,2024-09-01,2024-12-01,RUAL,2024-10-30 12:00:00+00:00,SELL,35.3,35.8025,34.09,2.4,LOSS,-1.1826467661691524,"{""bias_swing"": 10, ""ob_swing"": 10, ""sl_buffer"": 25, ""min_rr"": 1.5}"
17,2024-09-01,2024-12-01,RUAL,2024-11-14 08:00:00+00:00,BUY,37.45,36.6975,38.685,1.6,WIN_TP1,1.4706046511627917,"{""bias_swing"": 10, ""ob_swing"": 10, ""sl_buffer"": 25, ""min_rr"": 1.5}"
17,2024-09-01,2024-12-01,RUAL,2024-11-15 08:00:00+00:00,BUY,37.45,36.6975,38.685,1.6,WIN_TP1,1.4706046511627917,"{""bias_swing"": 10, ""ob_swing"": 10, ""sl_buffer"": 25, ""min_rr"": 1.5}"
17,2024-09-01,2024-12-01,SNGS,2024-09-09 12:00:00+00:00,SELL,24.15,24.5525,23.525,1.6,WIN_TP1,1.444,"{""bias_swing"": 10, ""ob_swing"": 10, ""sl_buffer"": 25, ""min_rr"": 1.5}"
17,2024-09-01,2024-12-01,SNGS,2024-09-10 08:00:00+00:00,SELL,24.15,24.5525,23.525,1.6,WIN_TP1,1.444,"{""bias_swing"": 10, ""ob_swing"": 10, ""sl_buffer"": 25, ""min_rr"": 1.5}"
17,2024-09-01,2024-12-01,SNGS,2024-10-16 08:00:00+00:00,SELL,26.22,26.4775,25.61,2.4,WIN_TP1,2.135254368932039,"{""bias_swing"": 10, ""ob_swing"": 10, ""sl_buffer"": 25, ""min_rr"": 1.5}"
18,2024-10-01,2025-01-01,ENPG,2024-10-16 08:00:00+00:00,SELL,349.04999,353.0025,336.05,3.3,WIN_TP1,3.0703914793384466,"{""bias_swing"": 10, ""ob_swing"": 10, ""sl_buffer"": 25, ""min_rr"": 1.5}"
18,2024-10-01,2025-01-01,OZON,2024-11-18 12:00:00+00:00,SELL,3425.0,3513.0025,3261.5,1.9,WIN_TP1,1.7988096929064514,"{""bias_swing"": 10, ""ob_swing"": 10, ""sl_buffer"": 25, ""min_rr"": 1.5}"
18,2024-10-01,2025-01-01,VKCO,2024-11-15 12:00:00+00:00,SELL,312.79999,317.0025,305.4,1.8,WIN_TP1,1.6064775636464883,"{""bias_swing"": 10, ""ob_swing"": 10, ""sl_buffer"": 25, ""min_rr"": 1.5}"
18,2024-10-01,2025-01-01,VKCO,2024-11-18 08:00:00+00:00,SELL,312.79999,317.0025,305.4,1.8,WIN_TP1,1.6064775636464883,"{""bias_swing"": 10, ""ob_swing"": 10, ""sl_buffer"": 25, ""min_rr"": 1.5}"
18,2024-10-01,2025-01-01,SNGSP,2024-11-08 08:00:00+00:00,SELL,57.155,58.1475,55.51,1.7,WIN_TP1,1.5502740554156171,"{""bias_swing"": 10, ""ob_swing"": 10, ""sl_buffer"": 25, ""min_rr"": 1.5}"
18,2024-10-01,2025-01-01,SNGSP,2024-11-15 08:00:00+00:00,SELL,57.155,58.1475,55.51,1.7,LOSS,-1.1497259445843828,"{""bias_swing"": 10, ""ob_swing"": 10, ""sl_buffer"": 25, ""min_rr"": 1.5}"
18,2024-10-01,2025-01-01,CHMF,2024-11-15 12:00:00+00:00,SELL,1230.40002,1237.80255,1207.6,3.1,WIN_TP1,2.6678450405469523,"{""bias_swing"": 10, ""ob_swing"": 10, ""sl_buffer"": 25, ""min_rr"": 1.5}"
18,2024-10-01,2025-01-01,CHMF,2024-12-09 12:00:00+00:00,SELL,1128.0,1148.20245,1085.6,2.1,WIN_TP1,1.9548294885026323,"{""bias_swing"": 10, ""ob_swing"": 10, ""sl_buffer"": 25, ""min_rr"": 1.5}"
18,2024-10-01,2025-01-01,AFKS,2024-10-14 12:00:00+00:00,SELL,15.57,15.8395,15.14,1.6,WIN_TP1,1.4497884972170683,"{""bias_swing"": 10, ""ob_swing"": 10, ""sl_buffer"": 25, ""min_rr"": 1.5}"
18,2024-10-01,2025-01-01,AFKS,2024-10-15 08:00:00+00:00,SELL,15.57,15.8395,15.14,1.6,WIN_TP1,1.4497884972170683,"{""bias_swing"": 10, ""ob_swing"": 10, ""sl_buffer"": 25, ""min_rr"": 1.5}"
18,2024-10-01,2025-01-01,AFKS,2024-10-16 08:00:00+00:00,SELL,15.57,15.8395,15.14,1.6,WIN_TP1,1.4497884972170683,"{""bias_swing"": 10, ""ob_swing"": 10, ""sl_buffer"": 25, ""min_rr"": 1.5}"
18,2024-10-01,2025-01-01,AFKS,2024-11-18 08:00:00+00:00,SELL,14.355,14.6255,13.85,1.9,WIN_TP1,1.762022181146026,"{""bias_swing"": 10, ""ob_swing"": 10, ""sl_buffer"": 25, ""min_rr"": 1.5}"
18,2024-10-01,2025-01-01,MAGN,2024-10-15 08:00:00+00:00,SELL,44.1,44.8125,42.725,1.9,WIN_TP1,1.7390736842105259,"{""bias_swing"": 10, ""ob_swing"": 10, ""sl_buffer"": 25, ""min_rr"": 1.5}"
18,2024-10-01,2025-01-01,MAGN,2024-10-16 08:00:00+00:00,SELL,44.1,44.8125,42.725,1.9,WIN_TP1,1.7390736842105259,"{""bias_swing"": 10, ""ob_swing"": 10, ""sl_buffer"": 25, ""min_rr"": 1.5}"
18,2024-10-01,2025-01-01,MAGN,2024-12-09 08:00:00+00:00,SELL,32.89,34.1425,31.05,1.5,WIN_TP1,1.431725349301397,"{""bias_swing"": 10, ""ob_swing"": 10, ""sl_buffer"": 25, ""min_rr"": 1.5}"
18,2024-10-01,2025-01-01,ETLN,2024-12-23 08:00:00+00:00,SELL,53.38,54.8425,47.0,4.4,LOSS,-1.094897777777778,"{""bias_swing"": 10, ""ob_swing"": 10, ""sl_buffer"": 25, ""min_rr"": 1.5}"
18,2024-10-01,2025-01-01,RUAL,2024-10-23 08:00:00+00:00,SELL,35.3,35.8025,34.09,2.4,WIN_TP1,2.2173532338308473,"{""bias_swing"": 10, ""ob_swing"": 10, ""sl_buffer"": 25, ""min_rr"": 1.5}"
18,2024-10-01,2025-01-01,RUAL,2024-10-30 12:00:00+00:00,SELL,35.3,35.8025,34.09,2.4,LOSS,-1.1826467661691524,"{""bias_swing"": 10, ""ob_swing"": 10, ""sl_buffer"": 25, ""min_rr"": 1.5}"
18,2024-10-01,2025-01-01,RUAL,2024-11-14 08:00:00+00:00,BUY,37.45,36.6975,38.685,1.6,WIN_TP1,1.4706046511627917,"{""bias_swing"": 10, ""ob_swing"": 10, ""sl_buffer"": 25, ""min_rr"": 1.5}"
18,2024-10-01,2025-01-01,RUAL,2024-11-15 08:00:00+00:00,BUY,37.45,36.6975,38.685,1.6,WIN_TP1,1.4706046511627917,"{""bias_swing"": 10, ""ob_swing"": 10, ""sl_buffer"": 25, ""min_rr"": 1.5}"
18,2024-10-01,2025-01-01,SNGS,2024-10-16 08:00:00+00:00,SELL,26.22,26.4775,25.61,2.4,WIN_TP1,2.135254368932039,"{""bias_swing"": 10, ""ob_swing"": 10, ""sl_buffer"": 25, ""min_rr"": 1.5}"
19,2024-11-01,2025-02-01,OZON,2024-11-18 12:00:00+00:00,SELL,3425.0,3513.0025,3261.5,1.9,WIN_TP1,1.7988096929064514,"{""bias_swing"": 10, ""ob_swing"": 10, ""sl_buffer"": 25, ""min_rr"": 1.5}"
19,2024-11-01,2025-02-01,OZON,2025-01-17 12:00:00+00:00,SELL,3425.0,3513.0025,3246.0,2.0,LOSS,-1.1011903070935485,"{""bias_swing"": 10, ""ob_swing"": 10, ""sl_buffer"": 25, ""min_rr"": 1.5}"
19,2024-11-01,2025-02-01,VKCO,2024-11-15 12:00:00+00:00,SELL,312.79999,317.0025,305.4,1.8,WIN_TP1,1.6064775636464883,"{""bias_swing"": 10, ""ob_swing"": 10, ""sl_buffer"": 25, ""min_rr"": 1.5}"
19,2024-11-01,2025-02-01,VKCO,2024-11-18 08:00:00+00:00,SELL,312.79999,317.0025,305.4,1.8,WIN_TP1,1.6064775636464883,"{""bias_swing"": 10, ""ob_swing"": 10, ""sl_buffer"": 25, ""min_rr"": 1.5}"
19,2024-11-01,2025-02-01,CHMF,2024-11-15 12:00:00+00:00,SELL,1230.40002,1237.80255,1207.6,3.1,WIN_TP1,2.6678450405469523,"{""bias_swing"": 10, ""ob_swing"": 10, ""sl_buffer"": 25, ""min_rr"": 1.5}"
19,2024-11-01,2025-02-01,CHMF,2024-12-09 12:00:00+00:00,SELL,1128.0,1148.20245,1085.6,2.1,WIN_TP1,1.9548294885026323,"{""bias_swing"": 10, ""ob_swing"": 10, ""sl_buffer"": 25, ""min_rr"": 1.5}"
19,2024-11-01,2025-02-01,PHOR,2025-01-08 08:00:00+00:00,BUY,6347.0,6261.9975,6500.0,1.8,WIN_TP1,1.6058621805241013,"{""bias_swing"": 10, ""ob_swing"": 10, ""sl_buffer"": 25, ""min_rr"": 1.5}"
19,2024-11-01,2025-02-01,PHOR,2025-01-09 08:00:00+00:00,BUY,6347.0,6261.9975,6500.0,1.8,WIN_TP1,1.6058621805241013,"{""bias_swing"": 10, ""ob_swing"": 10, ""sl_buffer"": 25, ""min_rr"": 1.5}"
19,2024-11-01,2025-02-01,AFKS,2024-11-18 08:00:00+00:00,SELL,14.355,14.6255,13.85,1.9,WIN_TP1,1.762022181146026,"{""bias_swing"": 10, ""ob_swing"": 10, ""sl_buffer"": 25, ""min_rr"": 1.5}"
19,2024-11-01,2025-02-01,MAGN,2024-12-09 08:00:00+00:00,SELL,32.89,34.1425,31.05,1.5,WIN_TP1,1.431725349301397,"{""bias_swing"": 10, ""ob_swing"": 10, ""sl_buffer"": 25, ""min_rr"": 1.5}"
19,2024-11-01,2025-02-01,ETLN,2024-12-23 08:00:00+00:00,SELL,53.38,54.8425,47.0,4.4,LOSS,-1.094897777777778,"{""bias_swing"": 10, ""ob_swing"": 10, ""sl_buffer"": 25, ""min_rr"": 1.5}"
19,2024-11-01,2025-02-01,RUAL,2024-11-14 08:00:00+00:00,BUY,37.45,36.6975,38.685,1.6,WIN_TP1,1.4706046511627917,"{""bias_swing"": 10, ""ob_swing"": 10, ""sl_buffer"": 25, ""min_rr"": 1.5}"
19,2024-11-01,2025-02-01,RUAL,2024-11-15 08:00:00+00:00,BUY,37.45,36.6975,38.685,1.6,WIN_TP1,1.4706046511627917,"{""bias_swing"": 10, ""ob_swing"": 10, ""sl_buffer"": 25, ""min_rr"": 1.5}"
19,2024-11-01,2025-02-01,SNGS,2025-01-20 08:00:00+00:00,SELL,26.22,26.4775,25.61,2.4,LOSS,-1.2647456310679608,"{""bias_swing"": 10, ""ob_swing"": 10, ""sl_buffer"": 25, ""min_rr"": 1.5}"
20,2024-12-01,2025-03-01,OZON,2025-01-17 12:00:00+00:00,SELL,3425.0,3513.0025,3246.0,2.0,LOSS,-1.1011903070935485,"{""bias_swing"": 10, ""ob_swing"": 10, ""sl_buffer"": 25, ""min_rr"": 1.5}"
20,2024-12-01,2025-03-01,FLOT,2025-02-14 08:00:00+00:00,SELL,101.4,102.8825,98.0,2.3,WIN_TP1,2.1221652613827975,"{""bias_swing"": 10, ""ob_swing"": 10, ""sl_buffer"": 25, ""min_rr"": 1.5}"
20,2024-12-01,2025-03-01,CHMF,2024-12-09 12:00:00+00:00,SELL,1128.0,1148.20245,1085.6,2.1,WIN_TP1,1.9548294885026323,"{""bias_swing"": 10, ""ob_swing"": 10, ""sl_buffer"": 25, ""min_rr"": 1.5}"
20,2024-12-01,2025-03-01,PHOR,2025-01-08 08:00:00+00:00,BUY,6347.0,6261.9975,6500.0,1.8,WIN_TP1,1.6058621805241013,"{""bias_swing"": 10, ""ob_swing"": 10, ""sl_buffer"": 25, ""min_rr"": 1.5}"
20,2024-12-01,2025-03-01,PHOR,2025-01-09 08:00:00+00:00,BUY,6347.0,6261.9975,6500.0,1.8,WIN_TP1,1.6058621805241013,"{""bias_swing"": 10, ""ob_swing"": 10, ""sl_buffer"": 25, ""min_rr"": 1.5}"
20,2024-12-01,2025-03-01,MAGN,2024-12-09 08:00:00+00:00,SELL,32.89,34.1425,31.05,1.5,WIN_TP1,1.431725349301397,"{""bias_swing"": 10, ""ob_swing"": 10, ""sl_buffer"": 25, ""min_rr"": 1.5}"
20,2024-12-01,2025-03-01,ETLN,2024-12-23 08:00:00+00:00,SELL,53.38,54.8425,47.0,4.4,LOSS,-1.094897777777778,"{""bias_swing"": 10, ""ob_swing"": 10, ""sl_buffer"": 25, ""min_rr"": 1.5}"
20,2024-12-01,2025-03-01,SNGS,2025-01-20 08:00:00+00:00,SELL,26.22,26.4775,25.61,2.4,LOSS,-1.2647456310679608,"{""bias_swing"": 10, ""ob_swing"": 10, ""sl_buffer"": 25, ""min_rr"": 1.5}"
20,2024-12-01,2025-03-01,IRKT,2025-02-14 08:00:00+00:00,SELL,32.3,33.7025,28.25,2.9,LOSS,-1.0598787878787876,"{""bias_swing"": 10, ""ob_swing"": 10, ""sl_buffer"": 25, ""min_rr"": 1.5}"
20,2024-12-01,2025-03-01,MOEX,2025-02-12 08:00:00+00:00,SELL,215.8,218.40249,210.55,2.0,LOSS,-1.215593527736899,"{""bias_swing"": 10, ""ob_swing"": 10, ""sl_buffer"": 25, ""min_rr"": 1.5}"
21,2025-01-01,2025-04-01,OZON,2025-01-17 12:00:00+00:00,SELL,3425.0,3513.0025,3246.0,2.0,LOSS,-1.1011903070935485,"{""bias_swing"": 10, ""ob_swing"": 10, ""sl_buffer"": 25, ""min_rr"": 1.5}"
21,2025-01-01,2025-04-01,FLOT,2025-02-14 08:00:00+00:00,SELL,101.4,102.8825,98.0,2.3,WIN_TP1,2.1221652613827975,"{""bias_swing"": 10, ""ob_swing"": 10, ""sl_buffer"": 25, ""min_rr"": 1.5}"
21,2025-01-01,2025-04-01,SNGSP,2025-03-14 08:00:00+00:00,BUY,53.7,53.0625,55.96,3.5,WIN_TP1,3.2809882352941186,"{""bias_swing"": 10, ""ob_swing"": 10, ""sl_buffer"": 25, ""min_rr"": 1.5}"
21,2025-01-01,2025-04-01,PHOR,2025-01-08 08:00:00+00:00,BUY,6347.0,6261.9975,6500.0,1.8,WIN_TP1,1.6058621805241013,"{""bias_swing"": 10, ""ob_swing"": 10, ""sl_buffer"": 25, ""min_rr"": 1.5}"
21,2025-01-01,2025-04-01,PHOR,2025-01-09 08:00:00+00:00,BUY,6347.0,6261.9975,6500.0,1.8,WIN_TP1,1.6058621805241013,"{""bias_swing"": 10, ""ob_swing"": 10, ""sl_buffer"": 25, ""min_rr"": 1.5}"
21,2025-01-01,2025-04-01,PHOR,2025-03-31 08:00:00+00:00,BUY,6347.0,6261.9975,6500.0,1.8,EXPIRED,,"{""bias_swing"": 10, ""ob_swing"": 10, ""sl_buffer"": 25, ""min_rr"": 1.5}"
21,2025-01-01,2025-04-01,SNGS,2025-01-20 08:00:00+00:00,SELL,26.22,26.4775,25.61,2.4,LOSS,-1.2647456310679608,"{""bias_swing"": 10, ""ob_swing"": 10, ""sl_buffer"": 25, ""min_rr"": 1.5}"
21,2025-01-01,2025-04-01,IRKT,2025-02-14 08:00:00+00:00,SELL,32.3,33.7025,28.25,2.9,LOSS,-1.0598787878787876,"{""bias_swing"": 10, ""ob_swing"": 10, ""sl_buffer"": 25, ""min_rr"": 1.5}"
21,2025-01-01,2025-04-01,MOEX,2025-02-12 08:00:00+00:00,SELL,215.8,218.40249,210.55,2.0,LOSS,-1.215593527736899,"{""bias_swing"": 10, ""ob_swing"": 10, ""sl_buffer"": 25, ""min_rr"": 1.5}"
22,2025-02-01,2025-05-01,NVTK,2025-04-09 08:00:00+00:00,BUY,983.59998,970.19751,1013.0,2.2,WIN_TP1,2.009187414857112,"{""bias_swing"": 10, ""ob_swing"": 10, ""sl_buffer"": 25, ""min_rr"": 1.5}"
22,2025-02-01,2025-05-01,FESH,2025-04-16 08:00:00+00:00,BUY,55.26,53.9175,57.28,1.5,WIN_TP1,1.3929787709497208,"{""bias_swing"": 10, ""ob_swing"": 10, ""sl_buffer"": 25, ""min_rr"": 1.5}"
22,2025-02-01,2025-05-01,POSI,2025-04-14 08:00:00+00:00,SELL,1350.19995,1373.20245,1302.6,2.1,WIN_TP1,1.9473852898597983,"{""bias_swing"": 10, ""ob_swing"": 10, ""sl_buffer"": 25, ""min_rr"": 1.5}"
22,2025-02-01,2025-05-01,ETLN,2025-04-16 08:00:00+00:00,BUY,57.22,55.7375,61.8,3.1,WIN_TP1,2.9996478920741994,"{""bias_swing"": 10, ""ob_swing"": 10, ""sl_buffer"": 25, ""min_rr"": 1.5}"
22,2025-02-01,2025-05-01,RUAL,2025-04-07 08:00:00+00:00,BUY,32.17,30.9975,33.93,1.5,LOSS,-1.0713364605543707,"{""bias_swing"": 10, ""ob_swing"": 10, ""sl_buffer"": 25, ""min_rr"": 1.5}"
22,2025-02-01,2025-05-01,RUAL,2025-04-30 08:00:00+00:00,BUY,33.265,32.4075,34.695,1.7,EXPIRED,,"{""bias_swing"": 10, ""ob_swing"": 10, ""sl_buffer"": 25, ""min_rr"": 1.5}"
22,2025-02-01,2025-05-01,SNGS,2025-04-03 08:00:00+00:00,SELL,25.53,25.8475,25.025,1.6,WIN_TP1,1.3909354330708656,"{""bias_swing"": 10, ""ob_swing"": 10, ""sl_buffer"": 25, ""min_rr"": 1.5}"
23,2025-03-01,2025-06-01,NVTK,2025-04-09 08:00:00+00:00,BUY,983.59998,970.19751,1013.0,2.2,WIN_TP1,2.009187414857112,"{""bias_swing"": 10, ""ob_swing"": 10, ""sl_buffer"": 25, ""min_rr"": 1.5}"
23,2025-03-01,2025-06-01,PHOR,2025-03-31 08:00:00+00:00,BUY,6347.0,6261.9975,6500.0,1.8,LOSS,-1.1941378194758987,"{""bias_swing"": 10, ""ob_swing"": 10, ""sl_buffer"": 25, ""min_rr"": 1.5}"
23,2025-03-01,2025-06-01,PHOR,2025-05-06 08:00:00+00:00,BUY,5971.0,5884.9975,6108.0,1.6,WIN_TP1,1.4194866428301496,"{""bias_swing"": 10, ""ob_swing"": 10, ""sl_buffer"": 25, ""min_rr"": 1.5}"
23,2025-03-01,2025-06-01,FESH,2025-04-16 08:00:00+00:00,BUY,55.26,53.9175,57.28,1.5,WIN_TP1,1.3929787709497208,"{""bias_swing"": 10, ""ob_swing"": 10, ""sl_buffer"": 25, ""min_rr"": 1.5}"
23,2025-03-01,2025-06-01,POSI,2025-04-14 08:00:00+00:00,SELL,1350.19995,1373.20245,1302.6,2.1,WIN_TP1,1.9473852898597983,"{""bias_swing"": 10, ""ob_swing"": 10, ""sl_buffer"": 25, ""min_rr"": 1.5}"
23,2025-03-01,2025-06-01,ETLN,2025-04-16 08:00:00+00:00,BUY,57.22,55.7375,61.8,3.1,WIN_TP1,2.9996478920741994,"{""bias_swing"": 10, ""ob_swing"": 10, ""sl_buffer"": 25, ""min_rr"": 1.5}"
23,2025-03-01,2025-06-01,RUAL,2025-04-07 08:00:00+00:00,BUY,32.17,30.9975,33.93,1.5,LOSS,-1.0713364605543707,"{""bias_swing"": 10, ""ob_swing"": 10, ""sl_buffer"": 25, ""min_rr"": 1.5}"
23,2025-03-01,2025-06-01,RUAL,2025-04-30 08:00:00+00:00,BUY,33.265,32.4075,34.695,1.7,LOSS,-1.1008618075801748,"{""bias_swing"": 10, ""ob_swing"": 10, ""sl_buffer"": 25, ""min_rr"": 1.5}"
23,2025-03-01,2025-06-01,RUAL,2025-05-02 08:00:00+00:00,BUY,33.265,32.4075,34.695,1.7,LOSS,-1.1008618075801748,"{""bias_swing"": 10, ""ob_swing"": 10, ""sl_buffer"": 25, ""min_rr"": 1.5}"
23,2025-03-01,2025-06-01,SNGS,2025-04-03 08:00:00+00:00,SELL,25.53,25.8475,25.025,1.6,WIN_TP1,1.3909354330708656,"{""bias_swing"": 10, ""ob_swing"": 10, ""sl_buffer"": 25, ""min_rr"": 1.5}"
23,2025-03-01,2025-06-01,IRKT,2025-05-02 12:00:00+00:00,BUY,30.46,29.5375,32.22,1.9,WIN_TP1,1.8141506775067748,"{""bias_swing"": 10, ""ob_swing"": 10, ""sl_buffer"": 25, ""min_rr"": 1.5}"
23,2025-03-01,2025-06-01,IRKT,2025-05-16 12:00:00+00:00,BUY,30.46,29.5375,32.22,1.9,LOSS,-1.085849322493225,"{""bias_swing"": 10, ""ob_swing"": 10, ""sl_buffer"": 25, ""min_rr"": 1.5}"
24,2025-04-01,2025-07-01,NVTK,2025-04-09 08:00:00+00:00,BUY,983.59998,970.19751,1013.0,2.2,WIN_TP1,2.009187414857112,"{""bias_swing"": 10, ""ob_swing"": 10, ""sl_buffer"": 25, ""min_rr"": 1.5}"
24,2025-04-01,2025-07-01,OZON,2025-06-23 08:00:00+00:00,BUY,3695.0,3654.4975,3763.5,1.7,WIN_TP1,1.4628047651379548,"{""bias_swing"": 10, ""ob_swing"": 10, ""sl_buffer"": 25, ""min_rr"": 1.5}"
24,2025-04-01,2025-07-01,OZON,2025-06-24 08:00:00+00:00,BUY,3695.0,3654.4975,3763.5,1.7,WIN_TP1,1.4628047651379548,"{""bias_swing"": 10, ""ob_swing"": 10, ""sl_buffer"": 25, ""min_rr"": 1.5}"
24,2025-04-01,2025-07-01,FLOT,2025-06-25 08:00:00+00:00,SELL,76.64,77.2925,75.03,2.5,WIN_TP1,2.1946145593869746,"{""bias_swing"": 10, ""ob_swing"": 10, ""sl_buffer"": 25, ""min_rr"": 1.5}"
24,2025-04-01,2025-07-01,PHOR,2025-05-06 08:00:00+00:00,BUY,5971.0,5884.9975,6108.0,1.6,WIN_TP1,1.4194866428301496,"{""bias_swing"": 10, ""ob_swing"": 10, ""sl_buffer"": 25, ""min_rr"": 1.5}"
24,2025-04-01,2025-07-01,NLMK,2025-06-08 12:00:00+00:00,BUY,116.3,113.9375,119.82,1.5,LOSS,-1.1279915343915345,"{""bias_swing"": 10, ""ob_swing"": 10, ""sl_buffer"": 25, ""min_rr"": 1.5}"
24,2025-04-01,2025-07-01,FESH,2025-04-16 08:00:00+00:00,BUY,55.26,53.9175,57.28,1.5,WIN_TP1,1.3929787709497208,"{""bias_swing"": 10, ""ob_swing"": 10, ""sl_buffer"": 25, ""min_rr"": 1.5}"
24,2025-04-01,2025-07-01,FESH,2025-06-09 08:00:00+00:00,BUY,59.21,57.7075,61.59,1.6,WIN_TP1,1.4975400998336106,"{""bias_swing"": 10, ""ob_swing"": 10, ""sl_buffer"": 25, ""min_rr"": 1.5}"
24,2025-04-01,2025-07-01,FESH,2025-06-10 08:00:00+00:00,BUY,59.21,57.7075,61.59,1.6,WIN_TP1,1.4975400998336106,"{""bias_swing"": 10, ""ob_swing"": 10, ""sl_buffer"": 25, ""min_rr"": 1.5}"
24,2025-04-01,2025-07-01,POSI,2025-04-14 08:00:00+00:00,SELL,1350.19995,1373.20245,1302.6,2.1,WIN_TP1,1.9473852898597983,"{""bias_swing"": 10, ""ob_swing"": 10, ""sl_buffer"": 25, ""min_rr"": 1.5}"
24,2025-04-01,2025-07-01,POSI,2025-06-06 08:00:00+00:00,SELL,1240.59998,1255.0025,1212.4,2.0,WIN_TP1,1.7760419740434328,"{""bias_swing"": 10, ""ob_swing"": 10, ""sl_buffer"": 25, ""min_rr"": 1.5}"
24,2025-04-01,2025-07-01,ETLN,2025-04-16 08:00:00+00:00,BUY,57.22,55.7375,61.8,3.1,WIN_TP1,2.9996478920741994,"{""bias_swing"": 10, ""ob_swing"": 10, ""sl_buffer"": 25, ""min_rr"": 1.5}"
24,2025-04-01,2025-07-01,RUAL,2025-04-07 08:00:00+00:00,BUY,32.17,30.9975,33.93,1.5,LOSS,-1.0713364605543707,"{""bias_swing"": 10, ""ob_swing"": 10, ""sl_buffer"": 25, ""min_rr"": 1.5}"
24,2025-04-01,2025-07-01,RUAL,2025-04-30 08:00:00+00:00,BUY,33.265,32.4075,34.695,1.7,LOSS,-1.1008618075801748,"{""bias_swing"": 10, ""ob_swing"": 10, ""sl_buffer"": 25, ""min_rr"": 1.5}"
24,2025-04-01,2025-07-01,RUAL,2025-05-02 08:00:00+00:00,BUY,33.265,32.4075,34.695,1.7,LOSS,-1.1008618075801748,"{""bias_swing"": 10, ""ob_swing"": 10, ""sl_buffer"": 25, ""min_rr"": 1.5}"
24,2025-04-01,2025-07-01,SNGS,2025-04-03 08:00:00+00:00,SELL,25.53,25.8475,25.025,1.6,WIN_TP1,1.3909354330708656,"{""bias_swing"": 10, ""ob_swing"": 10, ""sl_buffer"": 25, ""min_rr"": 1.5}"
24,2025-04-01,2025-07-01,IRKT,2025-05-02 12:00:00+00:00,BUY,30.46,29.5375,32.22,1.9,WIN_TP1,1.8141506775067748,"{""bias_swing"": 10, ""ob_swing"": 10, ""sl_buffer"": 25, ""min_rr"": 1.5}"
24,2025-04-01,2025-07-01,IRKT,2025-05-16 12:00:00+00:00,BUY,30.46,29.5375,32.22,1.9,LOSS,-1.085849322493225,"{""bias_swing"": 10, ""ob_swing"": 10, ""sl_buffer"": 25, ""min_rr"": 1.5}"
24,2025-04-01,2025-07-01,MOEX,2025-06-25 08:00:00+00:00,SELL,198.85001,200.43249,193.51,3.4,LOSS,-1.326708726808553,"{""bias_swing"": 10, ""ob_swing"": 10, ""sl_buffer"": 25, ""min_rr"": 1.5}"
24,2025-04-01,2025-07-01,MOEX,2025-06-27 12:00:00+00:00,SELL,198.85001,200.43249,193.51,3.4,LOSS,-1.326708726808553,"{""bias_swing"": 10, ""ob_swing"": 10, ""sl_buffer"": 25, ""min_rr"": 1.5}"
25,2025-05-01,2025-08-01,NVTK,2025-07-19 08:00:00+00:00,SELL,1104.80005,1123.80255,1070.6,1.8,WIN_TP1,1.6488367251677416,"{""bias_swing"": 10, ""ob_swing"": 10, ""sl_buffer"": 25, ""min_rr"": 1.5}"
25,2025-05-01,2025-08-01,OZON,2025-06-23 08:00:00+00:00,BUY,3695.0,3654.4975,3763.5,1.7,WIN_TP1,1.4628047651379548,"{""bias_swing"": 10, ""ob_swing"": 10, ""sl_buffer"": 25, ""min_rr"": 1.5}"
25,2025-05-01,2025-08-01,OZON,2025-06-24 08:00:00+00:00,BUY,3695.0,3654.4975,3763.5,1.7,WIN_TP1,1.4628047651379548,"{""bias_swing"": 10, ""ob_swing"": 10, ""sl_buffer"": 25, ""min_rr"": 1.5}"
25,2025-05-01,2025-08-01,FLOT,2025-06-25 08:00:00+00:00,SELL,76.64,77.2925,75.03,2.5,WIN_TP1,2.1946145593869746,"{""bias_swing"": 10, ""ob_swing"": 10, ""sl_buffer"": 25, ""min_rr"": 1.5}"
25,2025-05-01,2025-08-01,AFKS,2025-07-14 08:00:00+00:00,BUY,14.795,14.5295,15.189,1.5,WIN_TP1,1.3551148775894535,"{""bias_swing"": 10, ""ob_swing"": 10, ""sl_buffer"": 25, ""min_rr"": 1.5}"
25,2025-05-01,2025-08-01,NLMK,2025-06-08 12:00:00+00:00,BUY,116.3,113.9375,119.82,1.5,LOSS,-1.1279915343915345,"{""bias_swing"": 10, ""ob_swing"": 10, ""sl_buffer"": 25, ""min_rr"": 1.5}"
25,2025-05-01,2025-08-01,FESH,2025-06-09 08:00:00+00:00,BUY,59.21,57.7075,61.59,1.6,WIN_TP1,1.4975400998336106,"{""bias_swing"": 10, ""ob_swing"": 10, ""sl_buffer"": 25, ""min_rr"": 1.5}"
25,2025-05-01,2025-08-01,FESH,2025-06-10 08:00:00+00:00,BUY,59.21,57.7075,61.59,1.6,WIN_TP1,1.4975400998336106,"{""bias_swing"": 10, ""ob_swing"": 10, ""sl_buffer"": 25, ""min_rr"": 1.5}"
25,2025-05-01,2025-08-01,POSI,2025-06-06 08:00:00+00:00,SELL,1240.59998,1255.0025,1212.4,2.0,WIN_TP1,1.7760419740434328,"{""bias_swing"": 10, ""ob_swing"": 10, ""sl_buffer"": 25, ""min_rr"": 1.5}"
25,2025-05-01,2025-08-01,POSI,2025-07-10 12:00:00+00:00,SELL,1361.0,1399.0025,1293.4,1.8,LOSS,-1.0931149266495623,"{""bias_swing"": 10, ""ob_swing"": 10, ""sl_buffer"": 25, ""min_rr"": 1.5}"
25,2025-05-01,2025-08-01,POSI,2025-07-10 12:00:00+00:00,SELL,1350.19995,1373.20245,1293.4,2.5,LOSS,-1.1526147101402018,"{""bias_swing"": 10, ""ob_swing"": 10, ""sl_buffer"": 25, ""min_rr"": 1.5}"
25,2025-05-01,2025-08-01,POSI,2025-07-11 12:00:00+00:00,SELL,1350.19995,1373.20245,1312.2,1.7,WIN_TP1,1.5473852898597982,"{""bias_swing"": 10, ""ob_swing"": 10, ""sl_buffer"": 25, ""min_rr"": 1.5}"
25,2025-05-01,2025-08-01,MAGN,2025-07-19 08:00:00+00:00,SELL,35.265,35.5625,34.11,3.9,WIN_TP1,3.591801680672268,"{""bias_swing"": 10, ""ob_swing"": 10, ""sl_buffer"": 25, ""min_rr"": 1.5}"
25,2025-05-01,2025-08-01,RUAL,2025-05-02 08:00:00+00:00,BUY,33.265,32.4075,34.695,1.7,LOSS,-1.1008618075801748,"{""bias_swing"": 10, ""ob_swing"": 10, ""sl_buffer"": 25, ""min_rr"": 1.5}"
25,2025-05-01,2025-08-01,IRKT,2025-05-02 12:00:00+00:00,BUY,30.46,29.5375,32.22,1.9,WIN_TP1,1.8141506775067748,"{""bias_swing"": 10, ""ob_swing"": 10, ""sl_buffer"": 25, ""min_rr"": 1.5}"
25,2025-05-01,2025-08-01,IRKT,2025-05-16 12:00:00+00:00,BUY,30.46,29.5375,32.22,1.9,LOSS,-1.085849322493225,"{""bias_swing"": 10, ""ob_swing"": 10, ""sl_buffer"": 25, ""min_rr"": 1.5}"
25,2025-05-01,2025-08-01,MOEX,2025-06-25 08:00:00+00:00,SELL,198.85001,200.43249,193.51,3.4,LOSS,-1.326708726808553,"{""bias_swing"": 10, ""ob_swing"": 10, ""sl_buffer"": 25, ""min_rr"": 1.5}"
25,2025-05-01,2025-08-01,MOEX,2025-06-27 12:00:00+00:00,SELL,198.85001,200.43249,193.51,3.4,LOSS,-1.326708726808553,"{""bias_swing"": 10, ""ob_swing"": 10, ""sl_buffer"": 25, ""min_rr"": 1.5}"
26,2025-06-01,2025-09-01,NVTK,2025-07-19 08:00:00+00:00,SELL,1104.80005,1123.80255,1070.6,1.8,WIN_TP1,1.6488367251677416,"{""bias_swing"": 10, ""ob_swing"": 10, ""sl_buffer"": 25, ""min_rr"": 1.5}"
26,2025-06-01,2025-09-01,OZON,2025-06-23 08:00:00+00:00,BUY,3695.0,3654.4975,3763.5,1.7,WIN_TP1,1.4628047651379548,"{""bias_swing"": 10, ""ob_swing"": 10, ""sl_buffer"": 25, ""min_rr"": 1.5}"
26,2025-06-01,2025-09-01,OZON,2025-06-24 08:00:00+00:00,BUY,3695.0,3654.4975,3763.5,1.7,WIN_TP1,1.4628047651379548,"{""bias_swing"": 10, ""ob_swing"": 10, ""sl_buffer"": 25, ""min_rr"": 1.5}"
26,2025-06-01,2025-09-01,FLOT,2025-06-25 08:00:00+00:00,SELL,76.64,77.2925,75.03,2.5,WIN_TP1,2.1946145593869746,"{""bias_swing"": 10, ""ob_swing"": 10, ""sl_buffer"": 25, ""min_rr"": 1.5}"
26,2025-06-01,2025-09-01,AFKS,2025-07-14 08:00:00+00:00,BUY,14.795,14.5295,15.189,1.5,WIN_TP1,1.3551148775894535,"{""bias_swing"": 10, ""ob_swing"": 10, ""sl_buffer"": 25, ""min_rr"": 1.5}"
26,2025-06-01,2025-09-01,FESH,2025-08-19 08:00:00+00:00,SELL,65.69,69.0025,60.85,1.5,EXPIRED,,"{""bias_swing"": 10, ""ob_swing"": 10, ""sl_buffer"": 25, ""min_rr"": 1.5}"
26,2025-06-01,2025-09-01,POSI,2025-06-06 08:00:00+00:00,SELL,1240.59998,1255.0025,1212.4,2.0,WIN_TP1,1.7760419740434328,"{""bias_swing"": 10, ""ob_swing"": 10, ""sl_buffer"": 25, ""min_rr"": 1.5}"
26,2025-06-01,2025-09-01,POSI,2025-07-10 12:00:00+00:00,SELL,1361.0,1399.0025,1293.4,1.8,LOSS,-1.0931149266495623,"{""bias_swing"": 10, ""ob_swing"": 10, ""sl_buffer"": 25, ""min_rr"": 1.5}"
26,2025-06-01,2025-09-01,POSI,2025-07-10 12:00:00+00:00,SELL,1350.19995,1373.20245,1293.4,2.5,LOSS,-1.1526147101402018,"{""bias_swing"": 10, ""ob_swing"": 10, ""sl_buffer"": 25, ""min_rr"": 1.5}"
26,2025-06-01,2025-09-01,POSI,2025-07-11 12:00:00+00:00,SELL,1350.19995,1373.20245,1312.2,1.7,WIN_TP1,1.5473852898597982,"{""bias_swing"": 10, ""ob_swing"": 10, ""sl_buffer"": 25, ""min_rr"": 1.5}"
26,2025-06-01,2025-09-01,MAGN,2025-07-19 08:00:00+00:00,SELL,35.265,35.5625,34.11,3.9,WIN_TP1,3.591801680672268,"{""bias_swing"": 10, ""ob_swing"": 10, ""sl_buffer"": 25, ""min_rr"": 1.5}"
26,2025-06-01,2025-09-01,MOEX,2025-06-25 08:00:00+00:00,SELL,198.85001,200.43249,193.51,3.4,LOSS,-1.326708726808553,"{""bias_swing"": 10, ""ob_swing"": 10, ""sl_buffer"": 25, ""min_rr"": 1.5}"
26,2025-06-01,2025-09-01,MOEX,2025-06-27 12:00:00+00:00,SELL,198.85001,200.43249,193.51,3.4,LOSS,-1.326708726808553,"{""bias_swing"": 10, ""ob_swing"": 10, ""sl_buffer"": 25, ""min_rr"": 1.5}"
27,2025-07-01,2025-10-01,NVTK,2025-07-19 08:00:00+00:00,SELL,1104.80005,1123.80255,1070.6,1.8,WIN_TP1,1.6488367251677416,"{""bias_swing"": 10, ""ob_swing"": 10, ""sl_buffer"": 25, ""min_rr"": 1.5}"
27,2025-07-01,2025-10-01,VKCO,2025-09-29 12:00:00+00:00,BUY,284.60001,279.4975,294.4,1.9,LOSS,-1.1450188291644703,"{""bias_swing"": 10, ""ob_swing"": 10, ""sl_buffer"": 25, ""min_rr"": 1.5}"
27,2025-07-01,2025-10-01,AFKS,2025-07-14 08:00:00+00:00,BUY,14.795,14.5295,15.189,1.5,WIN_TP1,1.3551148775894535,"{""bias_swing"": 10, ""ob_swing"": 10, ""sl_buffer"": 25, ""min_rr"": 1.5}"
27,2025-07-01,2025-10-01,AFKS,2025-09-22 12:00:00+00:00,BUY,14.336,14.0385,15.189,2.9,LOSS,-1.125289411764706,"{""bias_swing"": 10, ""ob_swing"": 10, ""sl_buffer"": 25, ""min_rr"": 1.5}"
27,2025-07-01,2025-10-01,NLMK,2025-09-29 12:00:00+00:00,BUY,105.6,103.7175,111.48,3.1,LOSS,-1.1458486055776897,"{""bias_swing"": 10, ""ob_swing"": 10, ""sl_buffer"": 25, ""min_rr"": 1.5}"
27,2025-07-01,2025-10-01,FESH,2025-08-19 08:00:00+00:00,SELL,65.69,69.0025,60.85,1.5,WIN_TP1,1.4484395471698113,"{""bias_swing"": 10, ""ob_swing"": 10, ""sl_buffer"": 25, ""min_rr"": 1.5}"
27,2025-07-01,2025-10-01,MAGN,2025-07-19 08:00:00+00:00,SELL,35.265,35.5625,34.11,3.9,WIN_TP1,3.591801680672268,"{""bias_swing"": 10, ""ob_swing"": 10, ""sl_buffer"": 25, ""min_rr"": 1.5}"
28,2025-08-01,2025-11-01,ENPG,2025-10-02 08:00:00+00:00,SELL,404.14999,409.90249,391.8,2.1,WIN_TP1,1.9173333378531074,"{""bias_swing"": 10, ""ob_swing"": 10, ""sl_buffer"": 25, ""min_rr"": 1.5}"
28,2025-08-01,2025-11-01,ENPG,2025-10-03 08:00:00+00:00,SELL,404.14999,409.90249,391.8,2.1,WIN_TP1,1.9173333378531074,"{""bias_swing"": 10, ""ob_swing"": 10, ""sl_buffer"": 25, ""min_rr"": 1.5}"
28,2025-08-01,2025-11-01,ENPG,2025-10-06 12:00:00+00:00,SELL,404.14999,409.90249,391.8,2.1,WIN_TP1,1.9173333378531074,"{""bias_swing"": 10, ""ob_swing"": 10, ""sl_buffer"": 25, ""min_rr"": 1.5}"
28,2025-08-01,2025-11-01,ENPG,2025-10-07 08:00:00+00:00,SELL,404.14999,409.90249,391.8,2.1,WIN_TP1,1.9173333378531074,"{""bias_swing"": 10, ""ob_swing"": 10, ""sl_buffer"": 25, ""min_rr"": 1.5}"
28,2025-08-01,2025-11-01,ENPG,2025-10-09 08:00:00+00:00,BUY,380.70001,377.09751,388.55,2.2,WIN_TP1,1.9252407977793218,"{""bias_swing"": 10, ""ob_swing"": 10, ""sl_buffer"": 25, ""min_rr"": 1.5}"
28,2025-08-01,2025-11-01,ENPG,2025-10-15 08:00:00+00:00,BUY,385.5,380.2475,399.4,2.6,WIN_TP1,2.409176582579724,"{""bias_swing"": 10, ""ob_swing"": 10, ""sl_buffer"": 25, ""min_rr"": 1.5}"
28,2025-08-01,2025-11-01,ENPG,2025-10-16 08:00:00+00:00,BUY,385.5,380.2475,399.4,2.6,WIN_TP1,2.409176582579724,"{""bias_swing"": 10, ""ob_swing"": 10, ""sl_buffer"": 25, ""min_rr"": 1.5}"
28,2025-08-01,2025-11-01,ENPG,2025-10-23 12:00:00+00:00,BUY,380.70001,377.09751,403.5,6.3,LOSS,-1.2747592022206784,"{""bias_swing"": 10, ""ob_swing"": 10, ""sl_buffer"": 25, ""min_rr"": 1.5}"
28,2025-08-01,2025-11-01,FLOT,2025-10-08 12:00:00+00:00,BUY,76.13,74.1675,79.49,1.7,LOSS,-1.1008601273885354,"{""bias_swing"": 10, ""ob_swing"": 10, ""sl_buffer"": 25, ""min_rr"": 1.5}"
28,2025-08-01,2025-11-01,FLOT,2025-10-09 08:00:00+00:00,BUY,76.13,74.1675,79.49,1.7,LOSS,-1.1008601273885354,"{""bias_swing"": 10, ""ob_swing"": 10, ""sl_buffer"": 25, ""min_rr"": 1.5}"
28,2025-08-01,2025-11-01,FLOT,2025-10-10 08:00:00+00:00,BUY,76.13,74.1675,79.49,1.7,LOSS,-1.1008601273885354,"{""bias_swing"": 10, ""ob_swing"": 10, ""sl_buffer"": 25, ""min_rr"": 1.5}"
28,2025-08-01,2025-11-01,VKCO,2025-09-29 12:00:00+00:00,BUY,284.60001,279.4975,294.4,1.9,LOSS,-1.1450188291644703,"{""bias_swing"": 10, ""ob_swing"": 10, ""sl_buffer"": 25, ""min_rr"": 1.5}"
28,2025-08-01,2025-11-01,TRNFP,2025-10-09 08:00:00+00:00,BUY,1211.80005,1205.74105,1271.0,9.8,WIN_TP1,9.279999978544312,"{""bias_swing"": 10, ""ob_swing"": 10, ""sl_buffer"": 25, ""min_rr"": 1.5}"
28,2025-08-01,2025-11-01,TRNFP,2025-10-15 08:00:00+00:00,BUY,1211.80005,1205.74105,1256.8,7.4,WIN_TP1,6.879999978544312,"{""bias_swing"": 10, ""ob_swing"": 10, ""sl_buffer"": 25, ""min_rr"": 1.5}"
28,2025-08-01,2025-11-01,TRNFP,2025-10-15 08:00:00+00:00,BUY,1219.80005,1208.9975,1256.8,3.4,WIN_TP1,3.106413751382778,"{""bias_swing"": 10, ""ob_swing"": 10, ""sl_buffer"": 25, ""min_rr"": 1.5}"
28,2025-08-01,2025-11-01,PHOR,2025-10-15 08:00:00+00:00,BUY,6738.0,6639.9975,6967.0,2.3,WIN_TP1,2.121241294864926,"{""bias_swing"": 10, ""ob_swing"": 10, ""sl_buffer"": 25, ""min_rr"": 1.5}"
28,2025-08-01,2025-11-01,PHOR,2025-10-16 08:00:00+00:00,BUY,6738.0,6639.9975,6963.0,2.3,WIN_TP1,2.121241294864926,"{""bias_swing"": 10, ""ob_swing"": 10, ""sl_buffer"": 25, ""min_rr"": 1.5}"
28,2025-08-01,2025-11-01,PHOR,2025-10-29 08:00:00+00:00,BUY,6738.0,6639.9975,6967.0,2.3,EXPIRED,,"{""bias_swing"": 10, ""ob_swing"": 10, ""sl_buffer"": 25, ""min_rr"": 1.5}"
28,2025-08-01,2025-11-01,PHOR,2025-10-31 12:00:00+00:00,BUY,6738.0,6639.9975,6967.0,2.3,EXPIRED,,"{""bias_swing"": 10, ""ob_swing"": 10, ""sl_buffer"": 25, ""min_rr"": 1.5}"
28,2025-08-01,2025-11-01,PHOR,2025-11-01 08:00:00+00:00,BUY,6738.0,6639.9975,6967.0,2.3,EXPIRED,,"{""bias_swing"": 10, ""ob_swing"": 10, ""sl_buffer"": 25, ""min_rr"": 1.5}"
28,2025-08-01,2025-11-01,AFKS,2025-09-22 12:00:00+00:00,BUY,14.336,14.0385,15.189,2.9,LOSS,-1.125289411764706,"{""bias_swing"": 10, ""ob_swing"": 10, ""sl_buffer"": 25, ""min_rr"": 1.5}"
28,2025-08-01,2025-11-01,AFKS,2025-10-24 08:00:00+00:00,SELL,13.693,13.9725,13.106,2.1,WIN_TP1,1.9726232558139538,"{""bias_swing"": 10, ""ob_swing"": 10, ""sl_buffer"": 25, ""min_rr"": 1.5}"
28,2025-08-01,2025-11-01,NLMK,2025-09-29 12:00:00+00:00,BUY,105.6,103.7175,111.48,3.1,LOSS,-1.1458486055776897,"{""bias_swing"": 10, ""ob_swing"": 10, ""sl_buffer"": 25, ""min_rr"": 1.5}"
28,2025-08-01,2025-11-01,FESH,2025-08-19 08:00:00+00:00,SELL,65.69,69.0025,60.85,1.5,WIN_TP1,1.4484395471698113,"{""bias_swing"": 10, ""ob_swing"": 10, ""sl_buffer"": 25, ""min_rr"": 1.5}"
28,2025-08-01,2025-11-01,POSI,2025-10-07 08:00:00+00:00,SELL,1046.0,1070.40252,1004.8,1.7,WIN_TP1,1.5885524937588418,"{""bias_swing"": 10, ""ob_swing"": 10, ""sl_buffer"": 25, ""min_rr"": 1.5}"
28,2025-08-01,2025-11-01,POSI,2025-10-08 08:00:00+00:00,SELL,1046.0,1070.40252,1004.8,1.7,WIN_TP1,1.5885524937588418,"{""bias_swing"": 10, ""ob_swing"": 10, ""sl_buffer"": 25, ""min_rr"": 1.5}"
29,2025-09-01,2025-12-01,ENPG,2025-10-09 08:00:00+00:00,BUY,380.70001,377.09751,388.55,2.2,WIN_TP1,1.9252407977793218,"{""bias_swing"": 10, ""ob_swing"": 10, ""sl_buffer"": 25, ""min_rr"": 1.5}"
29,2025-09-01,2025-12-01,ENPG,2025-10-15 08:00:00+00:00,BUY,385.5,380.2475,399.4,2.6,WIN_TP1,2.409176582579724,"{""bias_swing"": 10, ""ob_swing"": 10, ""sl_buffer"": 25, ""min_rr"": 1.5}"
29,2025-09-01,2025-12-01,ENPG,2025-10-16 08:00:00+00:00,BUY,385.5,380.2475,399.4,2.6,WIN_TP1,2.409176582579724,"{""bias_swing"": 10, ""ob_swing"": 10, ""sl_buffer"": 25, ""min_rr"": 1.5}"
29,2025-09-01,2025-12-01,ENPG,2025-10-23 12:00:00+00:00,BUY,380.70001,377.09751,403.5,6.3,LOSS,-1.2747592022206784,"{""bias_swing"": 10, ""ob_swing"": 10, ""sl_buffer"": 25, ""min_rr"": 1.5}"
29,2025-09-01,2025-12-01,OZON,2025-11-24 08:00:00+00:00,BUY,3695.0,3654.4975,3784.5,2.2,EXPIRED,,"{""bias_swing"": 10, ""ob_swing"": 10, ""sl_buffer"": 25, ""min_rr"": 1.5}"
29,2025-09-01,2025-12-01,FLOT,2025-10-08 12:00:00+00:00,BUY,76.13,74.1675,79.49,1.7,LOSS,-1.1008601273885354,"{""bias_swing"": 10, ""ob_swing"": 10, ""sl_buffer"": 25, ""min_rr"": 1.5}"
29,2025-09-01,2025-12-01,FLOT,2025-10-09 08:00:00+00:00,BUY,76.13,74.1675,79.49,1.7,LOSS,-1.1008601273885354,"{""bias_swing"": 10, ""ob_swing"": 10, ""sl_buffer"": 25, ""min_rr"": 1.5}"
29,2025-09-01,2025-12-01,FLOT,2025-10-10 08:00:00+00:00,BUY,76.13,74.1675,79.49,1.7,LOSS,-1.1008601273885354,"{""bias_swing"": 10, ""ob_swing"": 10, ""sl_buffer"": 25, ""min_rr"": 1.5}"
29,2025-09-01,2025-12-01,VKCO,2025-11-26 08:00:00+00:00,SELL,270.70001,273.40249,266.5,1.6,WIN_TP1,1.339565130546755,"{""bias_swing"": 10, ""ob_swing"": 10, ""sl_buffer"": 25, ""min_rr"": 1.5}"
29,2025-09-01,2025-12-01,TRNFP,2025-10-09 08:00:00+00:00,BUY,1211.80005,1205.74105,1271.0,9.8,WIN_TP1,9.279999978544312,"{""bias_swing"": 10, ""ob_swing"": 10, ""sl_buffer"": 25, ""min_rr"": 1.5}"
29,2025-09-01,2025-12-01,TRNFP,2025-10-15 08:00:00+00:00,BUY,1211.80005,1205.74105,1256.8,7.4,WIN_TP1,6.879999978544312,"{""bias_swing"": 10, ""ob_swing"": 10, ""sl_buffer"": 25, ""min_rr"": 1.5}"
29,2025-09-01,2025-12-01,TRNFP,2025-10-15 08:00:00+00:00,BUY,1219.80005,1208.9975,1256.8,3.4,WIN_TP1,3.106413751382778,"{""bias_swing"": 10, ""ob_swing"": 10, ""sl_buffer"": 25, ""min_rr"": 1.5}"
29,2025-09-01,2025-12-01,TRNFP,2025-11-01 08:00:00+00:00,BUY,1223.80005,1214.9975,1238.4,1.7,WIN_TP1,1.3385274573845123,"{""bias_swing"": 10, ""ob_swing"": 10, ""sl_buffer"": 25, ""min_rr"": 1.5}"
29,2025-09-01,2025-12-01,CHMF,2025-12-01 08:00:00+00:00,SELL,951.59998,958.20251,904.0,7.2,EXPIRED,,"{""bias_swing"": 10, ""ob_swing"": 10, ""sl_buffer"": 25, ""min_rr"": 1.5}"
29,2025-09-01,2025-12-01,PHOR,2025-10-15 08:00:00+00:00,BUY,6738.0,6639.9975,6967.0,2.3,WIN_TP1,2.121241294864926,"{""bias_swing"": 10, ""ob_swing"": 10, ""sl_buffer"": 25, ""min_rr"": 1.5}"
29,2025-09-01,2025-12-01,PHOR,2025-10-16 08:00:00+00:00,BUY,6738.0,6639.9975,6963.0,2.3,WIN_TP1,2.121241294864926,"{""bias_swing"": 10, ""ob_swing"": 10, ""sl_buffer"": 25, ""min_rr"": 1.5}"
29,2025-09-01,2025-12-01,PHOR,2025-10-29 08:00:00+00:00,BUY,6738.0,6639.9975,6967.0,2.3,LOSS,-1.1787587051350739,"{""bias_swing"": 10, ""ob_swing"": 10, ""sl_buffer"": 25, ""min_rr"": 1.5}"
29,2025-09-01,2025-12-01,PHOR,2025-10-31 12:00:00+00:00,BUY,6738.0,6639.9975,6967.0,2.3,LOSS,-1.1787587051350739,"{""bias_swing"": 10, ""ob_swing"": 10, ""sl_buffer"": 25, ""min_rr"": 1.5}"
29,2025-09-01,2025-12-01,AFKS,2025-10-24 08:00:00+00:00,SELL,13.693,13.9725,13.106,2.1,WIN_TP1,1.9726232558139538,"{""bias_swing"": 10, ""ob_swing"": 10, ""sl_buffer"": 25, ""min_rr"": 1.5}"
29,2025-09-01,2025-12-01,AFKS,2025-11-19 08:00:00+00:00,SELL,12.832,13.1815,12.306,1.5,LOSS,-1.0954597997138773,"{""bias_swing"": 10, ""ob_swing"": 10, ""sl_buffer"": 25, ""min_rr"": 1.5}"
29,2025-09-01,2025-12-01,NLMK,2025-11-13 08:00:00+00:00,SELL,101.92,103.1425,99.82,1.7,WIN_TP1,1.4832376278118602,"{""bias_swing"": 10, ""ob_swing"": 10, ""sl_buffer"": 25, ""min_rr"": 1.5}"
29,2025-09-01,2025-12-01,POSI,2025-10-07 08:00:00+00:00,SELL,1046.0,1070.40252,1004.8,1.7,WIN_TP1,1.5885524937588418,"{""bias_swing"": 10, ""ob_swing"": 10, ""sl_buffer"": 25, ""min_rr"": 1.5}"
29,2025-09-01,2025-12-01,POSI,2025-10-08 08:00:00+00:00,SELL,1046.0,1070.40252,1004.8,1.7,WIN_TP1,1.5885524937588418,"{""bias_swing"": 10, ""ob_swing"": 10, ""sl_buffer"": 25, ""min_rr"": 1.5}"
29,2025-09-01,2025-12-01,RUAL,2025-11-14 08:00:00+00:00,BUY,29.12,28.8175,29.835,2.4,LOSS,-1.2502876033057835,"{""bias_swing"": 10, ""ob_swing"": 10, ""sl_buffer"": 25, ""min_rr"": 1.5}"
29,2025-09-01,2025-12-01,RUAL,2025-11-18 08:00:00+00:00,BUY,28.81,28.3875,29.835,2.4,WIN_TP1,2.222707692307692,"{""bias_swing"": 10, ""ob_swing"": 10, ""sl_buffer"": 25, ""min_rr"": 1.5}"
29,2025-09-01,2025-12-01,MOEX,2025-11-24 08:00:00+00:00,SELL,178.06,179.29249,174.4,3.0,WIN_TP1,2.624373422908092,"{""bias_swing"": 10, ""ob_swing"": 10, ""sl_buffer"": 25, ""min_rr"": 1.5}"
30,2025-10-01,2026-01-01,ENPG,2025-10-09 08:00:00+00:00,BUY,380.70001,377.09751,388.55,2.2,WIN_TP1,1.9252407977793218,"{""bias_swing"": 10, ""ob_swing"": 10, ""sl_buffer"": 25, ""min_rr"": 1.5}"
30,2025-10-01,2026-01-01,ENPG,2025-10-15 08:00:00+00:00,BUY,385.5,380.2475,399.4,2.6,WIN_TP1,2.409176582579724,"{""bias_swing"": 10, ""ob_swing"": 10, ""sl_buffer"": 25, ""min_rr"": 1.5}"
30,2025-10-01,2026-01-01,ENPG,2025-10-16 08:00:00+00:00,BUY,385.5,380.2475,399.4,2.6,WIN_TP1,2.409176582579724,"{""bias_swing"": 10, ""ob_swing"": 10, ""sl_buffer"": 25, ""min_rr"": 1.5}"
30,2025-10-01,2026-01-01,ENPG,2025-10-23 12:00:00+00:00,BUY,380.70001,377.09751,403.5,6.3,LOSS,-1.2747592022206784,"{""bias_swing"": 10, ""ob_swing"": 10, ""sl_buffer"": 25, ""min_rr"": 1.5}"
30,2025-10-01,2026-01-01,OZON,2025-11-24 08:00:00+00:00,BUY,3695.0,3654.4975,3784.5,2.2,WIN_TP1,1.962804765137955,"{""bias_swing"": 10, ""ob_swing"": 10, ""sl_buffer"": 25, ""min_rr"": 1.5}"
30,2025-10-01,2026-01-01,FLOT,2025-10-08 12:00:00+00:00,BUY,76.13,74.1675,79.49,1.7,LOSS,-1.1008601273885354,"{""bias_swing"": 10, ""ob_swing"": 10, ""sl_buffer"": 25, ""min_rr"": 1.5}"
30,2025-10-01,2026-01-01,FLOT,2025-10-09 08:00:00+00:00,BUY,76.13,74.1675,79.49,1.7,LOSS,-1.1008601273885354,"{""bias_swing"": 10, ""ob_swing"": 10, ""sl_buffer"": 25, ""min_rr"": 1.5}"
30,2025-10-01,2026-01-01,FLOT,2025-10-10 08:00:00+00:00,BUY,76.13,74.1675,79.49,1.7,LOSS,-1.1008601273885354,"{""bias_swing"": 10, ""ob_swing"": 10, ""sl_buffer"": 25, ""min_rr"": 1.5}"
30,2025-10-01,2026-01-01,FLOT,2025-12-11 08:00:00+00:00,SELL,81.4,81.9025,80.04,2.7,WIN_TP1,2.2788258706467643,"{""bias_swing"": 10, ""ob_swing"": 10, ""sl_buffer"": 25, ""min_rr"": 1.5}"
30,2025-10-01,2026-01-01,FLOT,2025-12-18 08:00:00+00:00,SELL,79.69,80.4225,78.52,1.6,WIN_TP1,1.3171412969283285,"{""bias_swing"": 10, ""ob_swing"": 10, ""sl_buffer"": 25, ""min_rr"": 1.5}"
30,2025-10-01,2026-01-01,VKCO,2025-11-26 08:00:00+00:00,SELL,270.70001,273.40249,266.5,1.6,WIN_TP1,1.339565130546755,"{""bias_swing"": 10, ""ob_swing"": 10, ""sl_buffer"": 25, ""min_rr"": 1.5}"
30,2025-10-01,2026-01-01,TRNFP,2025-10-09 08:00:00+00:00,BUY,1211.80005,1205.74105,1271.0,9.8,WIN_TP1,9.279999978544312,"{""bias_swing"": 10, ""ob_swing"": 10, ""sl_buffer"": 25, ""min_rr"": 1.5}"
30,2025-10-01,2026-01-01,TRNFP,2025-10-15 08:00:00+00:00,BUY,1211.80005,1205.74105,1256.8,7.4,WIN_TP1,6.879999978544312,"{""bias_swing"": 10, ""ob_swing"": 10, ""sl_buffer"": 25, ""min_rr"": 1.5}"
30,2025-10-01,2026-01-01,TRNFP,2025-10-15 08:00:00+00:00,BUY,1219.80005,1208.9975,1256.8,3.4,WIN_TP1,3.106413751382778,"{""bias_swing"": 10, ""ob_swing"": 10, ""sl_buffer"": 25, ""min_rr"": 1.5}"
30,2025-10-01,2026-01-01,TRNFP,2025-11-01 08:00:00+00:00,BUY,1223.80005,1214.9975,1238.4,1.7,WIN_TP1,1.3385274573845123,"{""bias_swing"": 10, ""ob_swing"": 10, ""sl_buffer"": 25, ""min_rr"": 1.5}"
30,2025-10-01,2026-01-01,CHMF,2025-12-01 08:00:00+00:00,SELL,951.59998,958.20251,904.0,7.2,LOSS,-1.3747290732491937,"{""bias_swing"": 10, ""ob_swing"": 10, ""sl_buffer"": 25, ""min_rr"": 1.5}"
30,2025-10-01,2026-01-01,PHOR,2025-10-15 08:00:00+00:00,BUY,6738.0,6639.9975,6967.0,2.3,WIN_TP1,2.121241294864926,"{""bias_swing"": 10, ""ob_swing"": 10, ""sl_buffer"": 25, ""min_rr"": 1.5}"
30,2025-10-01,2026-01-01,PHOR,2025-10-16 08:00:00+00:00,BUY,6738.0,6639.9975,6963.0,2.3,WIN_TP1,2.121241294864926,"{""bias_swing"": 10, ""ob_swing"": 10, ""sl_buffer"": 25, ""min_rr"": 1.5}"
30,2025-10-01,2026-01-01,PHOR,2025-10-29 08:00:00+00:00,BUY,6738.0,6639.9975,6967.0,2.3,LOSS,-1.1787587051350739,"{""bias_swing"": 10, ""ob_swing"": 10, ""sl_buffer"": 25, ""min_rr"": 1.5}"
30,2025-10-01,2026-01-01,PHOR,2025-10-31 12:00:00+00:00,BUY,6738.0,6639.9975,6967.0,2.3,LOSS,-1.1787587051350739,"{""bias_swing"": 10, ""ob_swing"": 10, ""sl_buffer"": 25, ""min_rr"": 1.5}"
30,2025-10-01,2026-01-01,PHOR,2025-12-25 08:00:00+00:00,BUY,6140.0,6055.9975,6400.0,3.1,WIN_TP1,2.909958036963185,"{""bias_swing"": 10, ""ob_swing"": 10, ""sl_buffer"": 25, ""min_rr"": 1.5}"
30,2025-10-01,2026-01-01,AFKS,2025-10-24 08:00:00+00:00,SELL,13.693,13.9725,13.106,2.1,WIN_TP1,1.9726232558139538,"{""bias_swing"": 10, ""ob_swing"": 10, ""sl_buffer"": 25, ""min_rr"": 1.5}"
30,2025-10-01,2026-01-01,AFKS,2025-11-19 08:00:00+00:00,SELL,12.832,13.1815,12.306,1.5,LOSS,-1.0954597997138773,"{""bias_swing"": 10, ""ob_swing"": 10, ""sl_buffer"": 25, ""min_rr"": 1.5}"
30,2025-10-01,2026-01-01,AFKS,2025-12-05 12:00:00+00:00,SELL,13.693,13.9725,13.106,2.1,LOSS,-1.1273767441860463,"{""bias_swing"": 10, ""ob_swing"": 10, ""sl_buffer"": 25, ""min_rr"": 1.5}"
30,2025-10-01,2026-01-01,AFKS,2025-12-08 08:00:00+00:00,SELL,13.693,13.9725,13.106,2.1,LOSS,-1.1273767441860463,"{""bias_swing"": 10, ""ob_swing"": 10, ""sl_buffer"": 25, ""min_rr"": 1.5}"
30,2025-10-01,2026-01-01,AFKS,2025-12-09 08:00:00+00:00,SELL,13.693,13.9725,13.106,2.1,LOSS,-1.1273767441860463,"{""bias_swing"": 10, ""ob_swing"": 10, ""sl_buffer"": 25, ""min_rr"": 1.5}"
30,2025-10-01,2026-01-01,NLMK,2025-11-13 08:00:00+00:00,SELL,101.92,103.1425,99.82,1.7,WIN_TP1,1.4832376278118602,"{""bias_swing"": 10, ""ob_swing"": 10, ""sl_buffer"": 25, ""min_rr"": 1.5}"
30,2025-10-01,2026-01-01,FESH,2025-12-08 08:00:00+00:00,SELL,54.59,56.2925,50.4,2.5,WIN_TP1,2.41663201174743,"{""bias_swing"": 10, ""ob_swing"": 10, ""sl_buffer"": 25, ""min_rr"": 1.5}"
30,2025-10-01,2026-01-01,POSI,2025-10-07 08:00:00+00:00,SELL,1046.0,1070.40252,1004.8,1.7,WIN_TP1,1.5885524937588418,"{""bias_swing"": 10, ""ob_swing"": 10, ""sl_buffer"": 25, ""min_rr"": 1.5}"
30,2025-10-01,2026-01-01,POSI,2025-10-08 08:00:00+00:00,SELL,1046.0,1070.40252,1004.8,1.7,WIN_TP1,1.5885524937588418,"{""bias_swing"": 10, ""ob_swing"": 10, ""sl_buffer"": 25, ""min_rr"": 1.5}"
30,2025-10-01,2026-01-01,POSI,2025-12-02 08:00:00+00:00,SELL,1105.40002,1119.20245,1085.0,1.5,WIN_TP1,1.2917728941932682,"{""bias_swing"": 10, ""ob_swing"": 10, ""sl_buffer"": 25, ""min_rr"": 1.5}"
30,2025-10-01,2026-01-01,POSI,2025-12-08 08:00:00+00:00,SELL,1105.40002,1119.20245,1085.0,1.5,WIN_TP1,1.2917728941932682,"{""bias_swing"": 10, ""ob_swing"": 10, ""sl_buffer"": 25, ""min_rr"": 1.5}"
30,2025-10-01,2026-01-01,RUAL,2025-11-14 08:00:00+00:00,BUY,29.12,28.8175,29.835,2.4,LOSS,-1.2502876033057835,"{""bias_swing"": 10, ""ob_swing"": 10, ""sl_buffer"": 25, ""min_rr"": 1.5}"
30,2025-10-01,2026-01-01,RUAL,2025-11-18 08:00:00+00:00,BUY,28.81,28.3875,29.835,2.4,WIN_TP1,2.222707692307692,"{""bias_swing"": 10, ""ob_swing"": 10, ""sl_buffer"": 25, ""min_rr"": 1.5}"
30,2025-10-01,2026-01-01,RUAL,2025-12-25 08:00:00+00:00,BUY,32.72,32.2225,33.495,1.6,WIN_TP1,1.4290010050251265,"{""bias_swing"": 10, ""ob_swing"": 10, ""sl_buffer"": 25, ""min_rr"": 1.5}"
30,2025-10-01,2026-01-01,RUAL,2025-12-25 08:00:00+00:00,BUY,32.75,32.4775,33.495,2.7,WIN_TP1,2.387522935779818,"{""bias_swing"": 10, ""ob_swing"": 10, ""sl_buffer"": 25, ""min_rr"": 1.5}"
30,2025-10-01,2026-01-01,MOEX,2025-11-24 08:00:00+00:00,SELL,178.06,179.29249,174.4,3.0,WIN_TP1,2.624373422908092,"{""bias_swing"": 10, ""ob_swing"": 10, ""sl_buffer"": 25, ""min_rr"": 1.5}"
31,2025-11-01,2026-02-01,ENPG,2026-01-15 08:00:00+00:00,BUY,485.0,480.29749,496.7,2.5,WIN_TP1,2.231845333662237,"{""bias_swing"": 10, ""ob_swing"": 10, ""sl_buffer"": 25, ""min_rr"": 1.5}"
31,2025-11-01,2026-02-01,OZON,2025-11-24 08:00:00+00:00,BUY,3695.0,3654.4975,3784.5,2.2,WIN_TP1,1.962804765137955,"{""bias_swing"": 10, ""ob_swing"": 10, ""sl_buffer"": 25, ""min_rr"": 1.5}"
31,2025-11-01,2026-02-01,FLOT,2025-12-11 08:00:00+00:00,SELL,81.4,81.9025,80.04,2.7,WIN_TP1,2.2788258706467643,"{""bias_swing"": 10, ""ob_swing"": 10, ""sl_buffer"": 25, ""min_rr"": 1.5}"
31,2025-11-01,2026-02-01,FLOT,2025-12-18 08:00:00+00:00,SELL,79.69,80.4225,78.52,1.6,WIN_TP1,1.3171412969283285,"{""bias_swing"": 10, ""ob_swing"": 10, ""sl_buffer"": 25, ""min_rr"": 1.5}"
31,2025-11-01,2026-02-01,VKCO,2025-11-26 08:00:00+00:00,SELL,270.70001,273.40249,266.5,1.6,WIN_TP1,1.339565130546755,"{""bias_swing"": 10, ""ob_swing"": 10, ""sl_buffer"": 25, ""min_rr"": 1.5}"
31,2025-11-01,2026-02-01,CHMF,2025-12-01 08:00:00+00:00,SELL,951.59998,958.20251,904.0,7.2,LOSS,-1.3747290732491937,"{""bias_swing"": 10, ""ob_swing"": 10, ""sl_buffer"": 25, ""min_rr"": 1.5}"
31,2025-11-01,2026-02-01,PHOR,2025-12-25 08:00:00+00:00,BUY,6140.0,6055.9975,6400.0,3.1,WIN_TP1,2.909958036963185,"{""bias_swing"": 10, ""ob_swing"": 10, ""sl_buffer"": 25, ""min_rr"": 1.5}"
31,2025-11-01,2026-02-01,AFKS,2025-11-19 08:00:00+00:00,SELL,12.832,13.1815,12.306,1.5,LOSS,-1.0954597997138773,"{""bias_swing"": 10, ""ob_swing"": 10, ""sl_buffer"": 25, ""min_rr"": 1.5}"
31,2025-11-01,2026-02-01,AFKS,2025-12-05 12:00:00+00:00,SELL,13.693,13.9725,13.106,2.1,LOSS,-1.1273767441860463,"{""bias_swing"": 10, ""ob_swing"": 10, ""sl_buffer"": 25, ""min_rr"": 1.5}"
31,2025-11-01,2026-02-01,AFKS,2025-12-08 08:00:00+00:00,SELL,13.693,13.9725,13.106,2.1,LOSS,-1.1273767441860463,"{""bias_swing"": 10, ""ob_swing"": 10, ""sl_buffer"": 25, ""min_rr"": 1.5}"
31,2025-11-01,2026-02-01,AFKS,2025-12-09 08:00:00+00:00,SELL,13.693,13.9725,13.106,2.1,LOSS,-1.1273767441860463,"{""bias_swing"": 10, ""ob_swing"": 10, ""sl_buffer"": 25, ""min_rr"": 1.5}"
31,2025-11-01,2026-02-01,NLMK,2025-11-13 08:00:00+00:00,SELL,101.92,103.1425,99.82,1.7,WIN_TP1,1.4832376278118602,"{""bias_swing"": 10, ""ob_swing"": 10, ""sl_buffer"": 25, ""min_rr"": 1.5}"
31,2025-11-01,2026-02-01,FESH,2025-12-08 08:00:00+00:00,SELL,54.59,56.2925,50.4,2.5,WIN_TP1,2.41663201174743,"{""bias_swing"": 10, ""ob_swing"": 10, ""sl_buffer"": 25, ""min_rr"": 1.5}"
31,2025-11-01,2026-02-01,POSI,2025-12-02 08:00:00+00:00,SELL,1105.40002,1119.20245,1085.0,1.5,WIN_TP1,1.2917728941932682,"{""bias_swing"": 10, ""ob_swing"": 10, ""sl_buffer"": 25, ""min_rr"": 1.5}"
31,2025-11-01,2026-02-01,POSI,2025-12-08 08:00:00+00:00,SELL,1105.40002,1119.20245,1085.0,1.5,WIN_TP1,1.2917728941932682,"{""bias_swing"": 10, ""ob_swing"": 10, ""sl_buffer"": 25, ""min_rr"": 1.5}"
31,2025-11-01,2026-02-01,RUAL,2025-11-14 08:00:00+00:00,BUY,29.12,28.8175,29.835,2.4,LOSS,-1.2502876033057835,"{""bias_swing"": 10, ""ob_swing"": 10, ""sl_buffer"": 25, ""min_rr"": 1.5}"
31,2025-11-01,2026-02-01,RUAL,2025-11-18 08:00:00+00:00,BUY,28.81,28.3875,29.835,2.4,WIN_TP1,2.222707692307692,"{""bias_swing"": 10, ""ob_swing"": 10, ""sl_buffer"": 25, ""min_rr"": 1.5}"
31,2025-11-01,2026-02-01,RUAL,2025-12-25 08:00:00+00:00,BUY,32.72,32.2225,33.495,1.6,WIN_TP1,1.4290010050251265,"{""bias_swing"": 10, ""ob_swing"": 10, ""sl_buffer"": 25, ""min_rr"": 1.5}"
31,2025-11-01,2026-02-01,RUAL,2025-12-25 08:00:00+00:00,BUY,32.75,32.4775,33.495,2.7,WIN_TP1,2.387522935779818,"{""bias_swing"": 10, ""ob_swing"": 10, ""sl_buffer"": 25, ""min_rr"": 1.5}"
31,2025-11-01,2026-02-01,MOEX,2025-11-24 08:00:00+00:00,SELL,178.06,179.29249,174.4,3.0,WIN_TP1,2.624373422908092,"{""bias_swing"": 10, ""ob_swing"": 10, ""sl_buffer"": 25, ""min_rr"": 1.5}"
32,2025-12-01,2026-03-01,ENPG,2026-01-15 08:00:00+00:00,BUY,485.0,480.29749,496.7,2.5,WIN_TP1,2.231845333662237,"{""bias_swing"": 10, ""ob_swing"": 10, ""sl_buffer"": 25, ""min_rr"": 1.5}"
32,2025-12-01,2026-03-01,FLOT,2025-12-11 08:00:00+00:00,SELL,81.4,81.9025,80.04,2.7,WIN_TP1,2.2788258706467643,"{""bias_swing"": 10, ""ob_swing"": 10, ""sl_buffer"": 25, ""min_rr"": 1.5}"
32,2025-12-01,2026-03-01,FLOT,2025-12-18 08:00:00+00:00,SELL,79.69,80.4225,78.52,1.6,WIN_TP1,1.3171412969283285,"{""bias_swing"": 10, ""ob_swing"": 10, ""sl_buffer"": 25, ""min_rr"": 1.5}"
32,2025-12-01,2026-03-01,VKCO,2026-02-10 08:00:00+00:00,BUY,310.5,307.84751,315.2,1.8,WIN_TP1,1.495644469913176,"{""bias_swing"": 10, ""ob_swing"": 10, ""sl_buffer"": 25, ""min_rr"": 1.5}"
32,2025-12-01,2026-03-01,VKCO,2026-02-28 08:00:00+00:00,BUY,310.5,307.84751,315.2,1.8,EXPIRED,,"{""bias_swing"": 10, ""ob_swing"": 10, ""sl_buffer"": 25, ""min_rr"": 1.5}"
32,2025-12-01,2026-03-01,SNGSP,2026-02-24 12:00:00+00:00,BUY,42.17,41.95915,42.86,3.3,WIN_TP1,2.780000000000001,"{""bias_swing"": 10, ""ob_swing"": 10, ""sl_buffer"": 25, ""min_rr"": 1.5}"
32,2025-12-01,2026-03-01,SNGSP,2026-02-25 08:00:00+00:00,BUY,42.17,41.95915,42.86,3.3,WIN_TP1,2.780000000000001,"{""bias_swing"": 10, ""ob_swing"": 10, ""sl_buffer"": 25, ""min_rr"": 1.5}"
32,2025-12-01,2026-03-01,PHOR,2025-12-25 08:00:00+00:00,BUY,6140.0,6055.9975,6400.0,3.1,WIN_TP1,2.909958036963185,"{""bias_swing"": 10, ""ob_swing"": 10, ""sl_buffer"": 25, ""min_rr"": 1.5}"
32,2025-12-01,2026-03-01,PHOR,2026-02-16 12:00:00+00:00,BUY,6323.0,6291.385,6400.0,2.4,WIN_TP1,1.8799999999999963,"{""bias_swing"": 10, ""ob_swing"": 10, ""sl_buffer"": 25, ""min_rr"": 1.5}"
32,2025-12-01,2026-03-01,AFKS,2025-12-05 12:00:00+00:00,SELL,13.693,13.9725,13.106,2.1,LOSS,-1.1273767441860463,"{""bias_swing"": 10, ""ob_swing"": 10, ""sl_buffer"": 25, ""min_rr"": 1.5}"
32,2025-12-01,2026-03-01,AFKS,2025-12-08 08:00:00+00:00,SELL,13.693,13.9725,13.106,2.1,LOSS,-1.1273767441860463,"{""bias_swing"": 10, ""ob_swing"": 10, ""sl_buffer"": 25, ""min_rr"": 1.5}"
32,2025-12-01,2026-03-01,AFKS,2025-12-09 08:00:00+00:00,SELL,13.693,13.9725,13.106,2.1,LOSS,-1.1273767441860463,"{""bias_swing"": 10, ""ob_swing"": 10, ""sl_buffer"": 25, ""min_rr"": 1.5}"
32,2025-12-01,2026-03-01,FESH,2025-12-08 08:00:00+00:00,SELL,54.59,56.2925,50.4,2.5,WIN_TP1,2.41663201174743,"{""bias_swing"": 10, ""ob_swing"": 10, ""sl_buffer"": 25, ""min_rr"": 1.5}"
32,2025-12-01,2026-03-01,POSI,2025-12-02 08:00:00+00:00,SELL,1105.40002,1119.20245,1085.0,1.5,WIN_TP1,1.2917728941932682,"{""bias_swing"": 10, ""ob_swing"": 10, ""sl_buffer"": 25, ""min_rr"": 1.5}"
32,2025-12-01,2026-03-01,POSI,2025-12-08 08:00:00+00:00,SELL,1105.40002,1119.20245,1085.0,1.5,WIN_TP1,1.2917728941932682,"{""bias_swing"": 10, ""ob_swing"": 10, ""sl_buffer"": 25, ""min_rr"": 1.5}"
32,2025-12-01,2026-03-01,RUAL,2025-12-25 08:00:00+00:00,BUY,32.72,32.2225,33.495,1.6,WIN_TP1,1.4290010050251265,"{""bias_swing"": 10, ""ob_swing"": 10, ""sl_buffer"": 25, ""min_rr"": 1.5}"
32,2025-12-01,2026-03-01,RUAL,2025-12-25 08:00:00+00:00,BUY,32.75,32.4775,33.495,2.7,WIN_TP1,2.387522935779818,"{""bias_swing"": 10, ""ob_swing"": 10, ""sl_buffer"": 25, ""min_rr"": 1.5}"
32,2025-12-01,2026-03-01,RUAL,2026-02-05 08:00:00+00:00,BUY,37.245,36.5625,38.845,2.3,WIN_TP1,2.158114285714285,"{""bias_swing"": 10, ""ob_swing"": 10, ""sl_buffer"": 25, ""min_rr"": 1.5}"
32,2025-12-01,2026-03-01,MGNT,2026-02-02 08:00:00+00:00,BUY,3195.0,3161.9975,3249.0,1.6,WIN_TP1,1.3482917960760554,"{""bias_swing"": 10, ""ob_swing"": 10, ""sl_buffer"": 25, ""min_rr"": 1.5}"
33,2026-01-01,2026-04-01,ENPG,2026-01-15 08:00:00+00:00,BUY,485.0,480.29749,496.7,2.5,WIN_TP1,2.231845333662237,"{""bias_swing"": 10, ""ob_swing"": 10, ""sl_buffer"": 25, ""min_rr"": 1.5}"
33,2026-01-01,2026-04-01,VKCO,2026-02-10 08:00:00+00:00,BUY,310.5,307.84751,315.2,1.8,WIN_TP1,1.495644469913176,"{""bias_swing"": 10, ""ob_swing"": 10, ""sl_buffer"": 25, ""min_rr"": 1.5}"
33,2026-01-01,2026-04-01,VKCO,2026-02-28 08:00:00+00:00,BUY,310.5,307.84751,315.2,1.8,LOSS,-1.304355530086824,"{""bias_swing"": 10, ""ob_swing"": 10, ""sl_buffer"": 25, ""min_rr"": 1.5}"
33,2026-01-01,2026-04-01,VKCO,2026-03-27 12:00:00+00:00,BUY,272.60001,269.9975,279.6,2.7,LOSS,-1.2723370999535069,"{""bias_swing"": 10, ""ob_swing"": 10, ""sl_buffer"": 25, ""min_rr"": 1.5}"
33,2026-01-01,2026-04-01,SNGSP,2026-02-24 12:00:00+00:00,BUY,42.17,41.95915,42.86,3.3,WIN_TP1,2.780000000000001,"{""bias_swing"": 10, ""ob_swing"": 10, ""sl_buffer"": 25, ""min_rr"": 1.5}"
33,2026-01-01,2026-04-01,SNGSP,2026-02-25 08:00:00+00:00,BUY,42.17,41.95915,42.86,3.3,WIN_TP1,2.780000000000001,"{""bias_swing"": 10, ""ob_swing"": 10, ""sl_buffer"": 25, ""min_rr"": 1.5}"
33,2026-01-01,2026-04-01,PHOR,2026-02-16 12:00:00+00:00,BUY,6323.0,6291.385,6400.0,2.4,WIN_TP1,1.8799999999999963,"{""bias_swing"": 10, ""ob_swing"": 10, ""sl_buffer"": 25, ""min_rr"": 1.5}"
33,2026-01-01,2026-04-01,NLMK,2026-03-05 12:00:00+00:00,BUY,107.58,106.4975,109.26,1.6,LOSS,-1.2583907621247121,"{""bias_swing"": 10, ""ob_swing"": 10, ""sl_buffer"": 25, ""min_rr"": 1.5}"
33,2026-01-01,2026-04-01,RUAL,2026-02-05 08:00:00+00:00,BUY,37.245,36.5625,38.845,2.3,WIN_TP1,2.158114285714285,"{""bias_swing"": 10, ""ob_swing"": 10, ""sl_buffer"": 25, ""min_rr"": 1.5}"
33,2026-01-01,2026-04-01,MGNT,2026-02-02 08:00:00+00:00,BUY,3195.0,3161.9975,3249.0,1.6,WIN_TP1,1.3482917960760554,"{""bias_swing"": 10, ""ob_swing"": 10, ""sl_buffer"": 25, ""min_rr"": 1.5}"
33,2026-01-01,2026-04-01,MOEX,2026-03-30 08:00:00+00:00,BUY,169.28999,166.6575,173.99,1.8,EXPIRED,,"{""bias_swing"": 10, ""ob_swing"": 10, ""sl_buffer"": 25, ""min_rr"": 1.5}"
34,2026-02-01,2026-05-01,VKCO,2026-02-10 08:00:00+00:00,BUY,310.5,307.84751,315.2,1.8,WIN_TP1,1.495644469913176,"{""bias_swing"": 10, ""ob_swing"": 10, ""sl_buffer"": 25, ""min_rr"": 1.5}"
34,2026-02-01,2026-05-01,VKCO,2026-02-28 08:00:00+00:00,BUY,310.5,307.84751,315.2,1.8,LOSS,-1.304355530086824,"{""bias_swing"": 10, ""ob_swing"": 10, ""sl_buffer"": 25, ""min_rr"": 1.5}"
34,2026-02-01,2026-05-01,VKCO,2026-03-27 12:00:00+00:00,BUY,272.60001,269.9975,279.6,2.7,LOSS,-1.2723370999535069,"{""bias_swing"": 10, ""ob_swing"": 10, ""sl_buffer"": 25, ""min_rr"": 1.5}"
34,2026-02-01,2026-05-01,VKCO,2026-04-24 12:00:00+00:00,BUY,263.29999,260.2475,274.45,3.7,LOSS,-1.2242693584581783,"{""bias_swing"": 10, ""ob_swing"": 10, ""sl_buffer"": 25, ""min_rr"": 1.5}"
34,2026-02-01,2026-05-01,SNGSP,2026-02-24 12:00:00+00:00,BUY,42.17,41.95915,42.86,3.3,WIN_TP1,2.780000000000001,"{""bias_swing"": 10, ""ob_swing"": 10, ""sl_buffer"": 25, ""min_rr"": 1.5}"
34,2026-02-01,2026-05-01,SNGSP,2026-02-25 08:00:00+00:00,BUY,42.17,41.95915,42.86,3.3,WIN_TP1,2.780000000000001,"{""bias_swing"": 10, ""ob_swing"": 10, ""sl_buffer"": 25, ""min_rr"": 1.5}"
34,2026-02-01,2026-05-01,SNGSP,2026-04-29 12:00:00+00:00,BUY,41.685,41.0075,42.675,1.5,EXPIRED,,"{""bias_swing"": 10, ""ob_swing"": 10, ""sl_buffer"": 25, ""min_rr"": 1.5}"
34,2026-02-01,2026-05-01,NLMK,2026-03-05 12:00:00+00:00,BUY,107.58,106.4975,109.26,1.6,LOSS,-1.2583907621247121,"{""bias_swing"": 10, ""ob_swing"": 10, ""sl_buffer"": 25, ""min_rr"": 1.5}"
34,2026-02-01,2026-05-01,RUAL,2026-02-05 08:00:00+00:00,BUY,37.245,36.5625,38.845,2.3,WIN_TP1,2.158114285714285,"{""bias_swing"": 10, ""ob_swing"": 10, ""sl_buffer"": 25, ""min_rr"": 1.5}"
34,2026-02-01,2026-05-01,SNGS,2026-03-30 08:00:00+00:00,BUY,21.125,20.8975,21.475,1.5,WIN_TP1,1.2585714285714278,"{""bias_swing"": 10, ""ob_swing"": 10, ""sl_buffer"": 25, ""min_rr"": 1.5}"
34,2026-02-01,2026-05-01,SNGS,2026-04-10 08:00:00+00:00,BUY,20.52,20.2525,21.005,1.8,WIN_TP1,1.6005532710280361,"{""bias_swing"": 10, ""ob_swing"": 10, ""sl_buffer"": 25, ""min_rr"": 1.5}"
34,2026-02-01,2026-05-01,MGNT,2026-02-02 08:00:00+00:00,BUY,3195.0,3161.9975,3249.0,1.6,WIN_TP1,1.3482917960760554,"{""bias_swing"": 10, ""ob_swing"": 10, ""sl_buffer"": 25, ""min_rr"": 1.5}"
34,2026-02-01,2026-05-01,MOEX,2026-03-30 08:00:00+00:00,BUY,169.28999,166.6575,173.99,1.8,WIN_TP1,1.6327993747364657,"{""bias_swing"": 10, ""ob_swing"": 10, ""sl_buffer"": 25, ""min_rr"": 1.5}"
35,2026-03-01,2026-06-01,VKCO,2026-04-24 12:00:00+00:00,BUY,263.29999,260.2475,274.45,3.7,LOSS,-1.2242693584581783,"{""bias_swing"": 10, ""ob_swing"": 10, ""sl_buffer"": 25, ""min_rr"": 1.5}"
35,2026-03-01,2026-06-01,SNGSP,2026-04-29 12:00:00+00:00,BUY,41.685,41.0075,42.675,1.5,WIN_TP1,1.3400280442804433,"{""bias_swing"": 10, ""ob_swing"": 10, ""sl_buffer"": 25, ""min_rr"": 1.5}"
35,2026-03-01,2026-06-01,SNGSP,2026-05-04 12:00:00+00:00,BUY,41.685,41.0075,42.675,1.5,WIN_TP1,1.3400280442804433,"{""bias_swing"": 10, ""ob_swing"": 10, ""sl_buffer"": 25, ""min_rr"": 1.5}"
35,2026-03-01,2026-06-01,SNGSP,2026-05-06 08:00:00+00:00,BUY,41.685,41.0075,42.675,1.5,LOSS,-1.1599719557195567,"{""bias_swing"": 10, ""ob_swing"": 10, ""sl_buffer"": 25, ""min_rr"": 1.5}"
35,2026-03-01,2026-06-01,SNGSP,2026-05-07 08:00:00+00:00,BUY,41.685,41.0075,42.675,1.5,LOSS,-1.1599719557195567,"{""bias_swing"": 10, ""ob_swing"": 10, ""sl_buffer"": 25, ""min_rr"": 1.5}"
35,2026-03-01,2026-06-01,SNGSP,2026-05-08 08:00:00+00:00,BUY,41.685,41.0075,42.675,1.5,LOSS,-1.1599719557195567,"{""bias_swing"": 10, ""ob_swing"": 10, ""sl_buffer"": 25, ""min_rr"": 1.5}"
36,2026-04-01,2026-07-01,VKCO,2026-04-24 12:00:00+00:00,BUY,263.29999,260.2475,274.45,3.7,LOSS,-1.2242693584581783,"{""bias_swing"": 10, ""ob_swing"": 10, ""sl_buffer"": 25, ""min_rr"": 1.5}"
36,2026-04-01,2026-07-01,VKCO,2026-06-03 08:00:00+00:00,SELL,245.3,250.2025,238.05,1.5,WIN_TP1,1.3699071902090763,"{""bias_swing"": 10, ""ob_swing"": 10, ""sl_buffer"": 25, ""min_rr"": 1.5}"
36,2026-04-01,2026-07-01,SNGSP,2026-04-29 12:00:00+00:00,BUY,41.685,41.0075,42.675,1.5,WIN_TP1,1.3400280442804433,"{""bias_swing"": 10, ""ob_swing"": 10, ""sl_buffer"": 25, ""min_rr"": 1.5}"
36,2026-04-01,2026-07-01,SNGSP,2026-05-04 12:00:00+00:00,BUY,41.685,41.0075,42.675,1.5,WIN_TP1,1.3400280442804433,"{""bias_swing"": 10, ""ob_swing"": 10, ""sl_buffer"": 25, ""min_rr"": 1.5}"
36,2026-04-01,2026-07-01,SNGSP,2026-05-06 08:00:00+00:00,BUY,41.685,41.0075,42.675,1.5,LOSS,-1.1599719557195567,"{""bias_swing"": 10, ""ob_swing"": 10, ""sl_buffer"": 25, ""min_rr"": 1.5}"
36,2026-04-01,2026-07-01,SNGSP,2026-05-07 08:00:00+00:00,BUY,41.685,41.0075,42.675,1.5,LOSS,-1.1599719557195567,"{""bias_swing"": 10, ""ob_swing"": 10, ""sl_buffer"": 25, ""min_rr"": 1.5}"
36,2026-04-01,2026-07-01,SNGSP,2026-05-08 08:00:00+00:00,BUY,41.685,41.0075,42.675,1.5,LOSS,-1.1599719557195567,"{""bias_swing"": 10, ""ob_swing"": 10, ""sl_buffer"": 25, ""min_rr"": 1.5}"
36,2026-04-01,2026-07-01,AFKS,2026-06-19 12:00:00+00:00,SELL,13.63,13.8475,12.675,4.4,WIN_TP1,4.237066666666666,"{""bias_swing"": 10, ""ob_swing"": 10, ""sl_buffer"": 25, ""min_rr"": 1.5}"
36,2026-04-01,2026-07-01,NLMK,2026-06-29 08:00:00+00:00,BUY,59.62,59.0375,64.14,7.8,WIN_TP1,7.533884978540771,"{""bias_swing"": 10, ""ob_swing"": 10, ""sl_buffer"": 25, ""min_rr"": 1.5}"
36,2026-04-01,2026-07-01,MGNT,2026-06-03 08:00:00+00:00,SELL,2326.0,2354.0025,2270.0,2.0,WIN_TP1,1.7840335684313904,"{""bias_swing"": 10, ""ob_swing"": 10, ""sl_buffer"": 25, ""min_rr"": 1.5}"
36,2026-04-01,2026-07-01,MGNT,2026-06-16 08:00:00+00:00,SELL,2202.5,2237.0025,2150.0,1.5,WIN_TP1,1.3340265198174048,"{""bias_swing"": 10, ""ob_swing"": 10, ""sl_buffer"": 25, ""min_rr"": 1.5}"
